date,category,quota,price,total_bids,success_bids,population,registration,deregistration,cpi_car,cpi_transport,cpi_petrol,cpi_car_pct_change,cpi_transport_pct_change,cpi_petrol_pct_change,month,bid_quota_ratio,quota_pct_change,price_pct_change,total_bids_pct_change,success_bids_pct_change
2014-02-05,Cat B (Cars above 1600cc or 97kW),360,75300,523,360,280081.0,1105.0,926.0,114.83,102.036,94.412,0.4,0.6,0.0,2,1.4527777777777777,-0.0055248618784530246,0.05220501928343868,-0.2726008344923505,0.011235955056179803
2014-02-19,Cat B (Cars above 1600cc or 97kW),355,78604,519,353,280081.0,1105.0,926.0,114.83,102.036,94.412,0.4,0.6,0.0,2,1.4619718309859155,-0.01388888888888884,0.04387782204515278,-0.007648183556405397,-0.019444444444444486
2014-02-19,Cat A (Cars up to 1600cc and 97kW),362,77201,700,358,341169.0,754.0,1104.0,114.83,102.036,94.412,0.4,0.6,0.0,2,1.9337016574585635,0.019718309859154903,-0.01784896442929118,0.34874759152215806,0.014164305949008416
2014-03-05,Cat A (Cars up to 1600cc and 97kW),365,76999,615,356,340645.0,806.0,1330.0,116.761,102.641,95.497,1.7,0.6,1.1,3,1.6849315068493151,0.008287292817679592,-0.00261654641779252,-0.12142857142857144,-0.005586592178770999
2014-03-05,Cat B (Cars above 1600cc or 97kW),350,80710,499,337,279927.0,1154.0,1308.0,116.761,102.641,95.497,1.7,0.6,1.1,3,1.4257142857142857,-0.04109589041095896,0.04819543110949498,-0.18861788617886177,-0.053370786516853896
2014-03-19,Cat A (Cars up to 1600cc and 97kW),362,78602,577,360,340645.0,806.0,1330.0,116.761,102.641,95.497,1.7,0.6,1.1,3,1.5939226519337018,0.03428571428571425,-0.026118200966423033,0.15631262525050094,0.06824925816023741
2014-03-19,Cat B (Cars above 1600cc or 97kW),353,82900,524,352,279927.0,1154.0,1308.0,116.761,102.641,95.497,1.7,0.6,1.1,3,1.4844192634560907,-0.024861878453038666,0.054680542479835115,-0.09185441941074524,-0.022222222222222254
2014-04-09,Cat A (Cars up to 1600cc and 97kW),367,77400,537,360,340066.0,768.0,1347.0,115.245,102.686,95.919,-1.3,0.0,0.4,4,1.4632152588555858,0.03966005665722383,-0.06634499396863691,0.024809160305343525,0.022727272727272707
2014-04-09,Cat B (Cars above 1600cc or 97kW),363,84504,523,363,279823.0,964.0,1068.0,115.245,102.686,95.919,-1.3,0.0,0.4,4,1.440771349862259,-0.010899182561307952,0.09178294573643409,-0.02607076350093107,0.008333333333333304
2014-04-23,Cat B (Cars above 1600cc or 97kW),351,75010,486,349,279823.0,964.0,1068.0,115.245,102.686,95.919,-1.3,0.0,0.4,4,1.3846153846153846,-0.03305785123966942,-0.11234971125627191,-0.07074569789674956,-0.038567493112947604
2014-04-23,Cat A (Cars up to 1600cc and 97kW),361,71335,513,357,340066.0,768.0,1347.0,115.245,102.686,95.919,-1.3,0.0,0.4,4,1.4210526315789473,0.028490028490028463,-0.04899346753766165,0.05555555555555558,0.022922636103151817
2014-05-07,Cat B (Cars above 1600cc or 97kW),483,70002,778,472,279944.0,1222.0,1101.0,110.33,101.021,96.53,-4.3,-1.6,0.6,5,1.6107660455486543,0.33795013850415523,-0.018686479287867153,0.5165692007797271,0.3221288515406162
2014-05-07,Cat A (Cars up to 1600cc and 97kW),513,60002,676,512,339700.0,905.0,1271.0,110.33,101.021,96.53,-4.3,-1.6,0.6,5,1.3177387914230019,0.06211180124223592,-0.14285306134110454,-0.1311053984575835,0.0847457627118644
2014-05-21,Cat B (Cars above 1600cc or 97kW),484,68103,716,477,279944.0,1222.0,1101.0,110.33,101.021,96.53,-4.3,-1.6,0.6,5,1.4793388429752066,-0.05653021442495132,0.13501216626112456,0.059171597633136175,-0.068359375
2014-05-21,Cat A (Cars up to 1600cc and 97kW),509,65689,997,506,339700.0,905.0,1271.0,110.33,101.021,96.53,-4.3,-1.6,0.6,5,1.9587426326129667,0.051652892561983466,-0.03544630926684578,0.39245810055865915,0.06079664570230614
2014-06-04,Cat B (Cars above 1600cc or 97kW),494,67304,807,484,280254.0,1437.0,1127.0,109.561,100.813,96.927,-0.7,-0.2,0.4,6,1.6336032388663968,-0.029469548133595258,0.024585547047450973,-0.19057171514543636,-0.04347826086956519
2014-06-04,Cat A (Cars up to 1600cc and 97kW),507,63190,1040,499,339372.0,963.0,1291.0,109.561,100.813,96.927,-0.7,-0.2,0.4,6,2.051282051282051,0.026315789473684292,-0.06112563889219069,0.28872366790582404,0.030991735537190035
2014-06-18,Cat B (Cars above 1600cc or 97kW),490,65700,716,475,280254.0,1437.0,1127.0,109.561,100.813,96.927,-0.7,-0.2,0.4,6,1.4612244897959183,-0.0335305719921104,0.03972147491691724,-0.31153846153846154,-0.04809619238476959
2014-06-18,Cat A (Cars up to 1600cc and 97kW),509,61899,1040,506,339372.0,963.0,1291.0,109.561,100.813,96.927,-0.7,-0.2,0.4,6,2.043222003929273,0.038775510204081653,-0.057853881278538855,0.45251396648044695,0.06526315789473691
2014-07-09,Cat B (Cars above 1600cc or 97kW),493,64889,812,491,280349.0,1312.0,1217.0,108.564,100.617,97.415,-0.9,-0.2,0.5,7,1.6470588235294117,-0.03143418467583492,0.048304496033861666,-0.21923076923076923,-0.029644268774703608
2014-07-09,Cat A (Cars up to 1600cc and 97kW),513,61990,1075,511,338802.0,937.0,1507.0,108.564,100.617,97.415,-0.9,-0.2,0.5,7,2.0955165692007798,0.04056795131845847,-0.04467629336251133,0.32389162561576357,0.04073319755600813
2014-07-23,Cat B (Cars above 1600cc or 97kW),498,65001,850,497,280349.0,1312.0,1217.0,108.564,100.617,97.415,-0.9,-0.2,0.5,7,1.7068273092369477,-0.0292397660818714,0.048572350379093354,-0.2093023255813954,-0.0273972602739726
2014-07-23,Cat A (Cars up to 1600cc and 97kW),509,62890,1190,505,338802.0,937.0,1507.0,108.564,100.617,97.415,-0.9,-0.2,0.5,7,2.337917485265226,0.02208835341365467,-0.03247642343963941,0.3999999999999999,0.016096579476861272
2014-08-06,Cat A (Cars up to 1600cc and 97kW),574,64600,1086,574,338468.0,1081.0,1415.0,110.938,101.04,95.159,2.2,0.4,-2.3,8,1.89198606271777,0.12770137524557956,0.027190332326284095,-0.0873949579831933,0.13663366336633653
2014-08-06,Cat B (Cars above 1600cc or 97kW),507,68689,1090,501,280602.0,1477.0,1224.0,110.938,101.04,95.159,2.2,0.4,-2.3,8,2.1499013806706113,-0.11672473867595823,0.06329721362229113,0.0036832412523020164,-0.127177700348432
2014-08-20,Cat A (Cars up to 1600cc and 97kW),575,65710,994,574,338468.0,1081.0,1415.0,110.938,101.04,95.159,2.2,0.4,-2.3,8,1.728695652173913,0.13412228796844183,-0.04336938956747083,-0.08807339449541285,0.1457085828343314
2014-08-20,Cat B (Cars above 1600cc or 97kW),506,72990,1137,502,280602.0,1477.0,1224.0,110.938,101.04,95.159,2.2,0.4,-2.3,8,2.2470355731225298,-0.12,0.11078983411961651,0.14386317907444668,-0.12543554006968638
2014-09-03,Cat B (Cars above 1600cc or 97kW),511,73010,909,511,280968.0,1678.0,1312.0,110.623,100.825,94.697,-0.3,-0.2,-0.5,9,1.7788649706457926,0.009881422924901129,0.0002740101383751359,-0.20052770448548818,0.017928286852589626
2014-09-03,Cat A (Cars up to 1600cc and 97kW),572,64841,813,568,337849.0,1256.0,1875.0,110.623,100.825,94.697,-0.3,-0.2,-0.5,9,1.4213286713286712,0.11937377690802342,-0.11188878235858102,-0.10561056105610556,0.11154598825831696
2014-09-17,Cat A (Cars up to 1600cc and 97kW),573,62000,792,573,337849.0,1256.0,1875.0,110.623,100.825,94.697,-0.3,-0.2,-0.5,9,1.382198952879581,0.0017482517482516613,-0.04381487022100217,-0.02583025830258301,0.008802816901408494
2014-09-17,Cat B (Cars above 1600cc or 97kW),509,71990,785,507,280968.0,1678.0,1312.0,110.623,100.825,94.697,-0.3,-0.2,-0.5,9,1.5422396856581533,-0.11169284467713791,0.16112903225806452,-0.008838383838383868,-0.11518324607329844
2014-10-09,Cat A (Cars up to 1600cc and 97kW),575,63880,1097,570,337030.0,1261.0,2080.0,110.22,100.456,92.601,-0.4,-0.4,-2.2,10,1.9078260869565218,0.12966601178781922,-0.11265453535213221,0.39745222929936297,0.12426035502958577
2014-10-09,Cat B (Cars above 1600cc or 97kW),505,72180,852,501,281022.0,1487.0,1433.0,110.22,100.456,92.601,-0.4,-0.4,-2.2,10,1.687128712871287,-0.12173913043478257,0.12993112085159675,-0.22333637192342748,-0.12105263157894741
2014-10-23,Cat A (Cars up to 1600cc and 97kW),572,63990,1092,569,337030.0,1261.0,2080.0,110.22,100.456,92.601,-0.4,-0.4,-2.2,10,1.9090909090909092,0.13267326732673257,-0.11346633416458851,0.2816901408450705,0.1357285429141717
2014-10-23,Cat B (Cars above 1600cc or 97kW),507,72002,822,506,281022.0,1487.0,1433.0,110.22,100.456,92.601,-0.4,-0.4,-2.2,10,1.621301775147929,-0.11363636363636365,0.12520706360368816,-0.24725274725274726,-0.11072056239015815
2014-11-05,Cat B (Cars above 1600cc or 97kW),574,70890,832,559,281213.0,1640.0,1449.0,110.747,99.94,89.091,0.5,-0.5,-3.8,11,1.4494773519163764,0.13214990138067062,-0.015444015444015413,0.012165450121654597,0.10474308300395263
2014-11-05,Cat A (Cars up to 1600cc and 97kW),703,64900,1196,692,336231.0,1269.0,2068.0,110.747,99.94,89.091,0.5,-0.5,-3.8,11,1.701280227596017,0.2247386759581882,-0.08449710819579626,0.4375,0.23792486583184247
2014-11-19,Cat B (Cars above 1600cc or 97kW),570,72890,900,560,281213.0,1640.0,1449.0,110.747,99.94,89.091,0.5,-0.5,-3.8,11,1.5789473684210527,-0.18918918918918914,0.12311248073959935,-0.24749163879598657,-0.19075144508670516
2014-11-19,Cat A (Cars up to 1600cc and 97kW),701,67889,1144,694,336231.0,1269.0,2068.0,110.747,99.94,89.091,0.5,-0.5,-3.8,11,1.6319543509272467,0.22982456140350882,-0.06861023460008231,0.2711111111111111,0.23928571428571432
2014-12-03,Cat A (Cars up to 1600cc and 97kW),709,67089,996,703,335450.0,1482.0,2263.0,110.765,99.407,82.965,0.0,-0.5,-6.9,12,1.4047954866008463,0.011412268188302432,-0.011783941433811118,-0.12937062937062938,0.012968299711815456
2014-12-03,Cat B (Cars above 1600cc or 97kW),584,74389,873,582,281083.0,1589.0,1719.0,110.765,99.407,82.965,0.0,-0.5,-6.9,12,1.49486301369863,-0.17630465444287724,0.10881068431486529,-0.12349397590361444,-0.1721194879089616
2014-12-17,Cat B (Cars above 1600cc or 97kW),579,74000,755,572,281083.0,1589.0,1719.0,110.765,99.407,82.965,0.0,-0.5,-6.9,12,1.3039723661485318,-0.008561643835616417,-0.005229267768083967,-0.1351660939289805,-0.01718213058419249
2014-12-17,Cat A (Cars up to 1600cc and 97kW),705,65889,868,699,335450.0,1482.0,2263.0,110.765,99.407,82.965,0.0,-0.5,-6.9,12,1.2312056737588652,0.21761658031088094,-0.10960810810810806,0.14966887417218544,0.2220279720279721
2015-01-07,Cat A (Cars up to 1600cc and 97kW),704,66010,940,698,333823.0,1547.0,3174.0,111.423,98.289,77.068,0.6,-1.1,-7.1,1,1.3352272727272727,-0.0014184397163120588,0.0018364218610087413,0.08294930875576045,-0.0014306151645206988
2015-01-07,Cat B (Cars above 1600cc or 97kW),571,75289,833,570,280960.0,1972.0,2095.0,111.423,98.289,77.068,0.6,-1.1,-7.1,1,1.458844133099825,-0.18892045454545459,0.1405696106650507,-0.11382978723404258,-0.18338108882521487
2015-01-21,Cat A (Cars up to 1600cc and 97kW),705,65001,1068,703,333823.0,1547.0,3174.0,111.423,98.289,77.068,0.6,-1.1,-7.1,1,1.5148936170212766,0.23467600700525404,-0.1366467877113523,0.28211284513805523,0.2333333333333334
2015-01-21,Cat B (Cars above 1600cc or 97kW),576,76889,915,576,280960.0,1972.0,2095.0,111.423,98.289,77.068,0.6,-1.1,-7.1,1,1.5885416666666667,-0.18297872340425536,0.18288949400778454,-0.1432584269662921,-0.18065433854907542
2015-02-04,Cat A (Cars up to 1600cc and 97kW),992,62002,1295,991,332987.0,1306.0,2142.0,108.314,98.214,80.501,-2.8,-0.1,4.5,2,1.3054435483870968,0.7222222222222223,-0.193616772230098,0.41530054644808745,0.7204861111111112
2015-02-04,Cat B (Cars above 1600cc or 97kW),724,70890,959,723,281075.0,1589.0,1474.0,108.314,98.214,80.501,-2.8,-0.1,4.5,2,1.324585635359116,-0.2701612903225806,0.14335021450920937,-0.2594594594594595,-0.2704339051463168
2015-02-17,Cat B (Cars above 1600cc or 97kW),722,66751,1037,721,281075.0,1589.0,1474.0,108.314,98.214,80.501,-2.8,-0.1,4.5,2,1.4362880886426592,-0.002762430939226568,-0.058386232190718035,0.08133472367049,-0.0027662517289073207
2015-02-17,Cat A (Cars up to 1600cc and 97kW),988,57199,1294,988,332987.0,1306.0,2142.0,108.314,98.214,80.501,-2.8,-0.1,4.5,2,1.3097165991902835,0.368421052631579,-0.14309897979056496,0.24783027965284465,0.3703190013869626
2015-03-04,Cat A (Cars up to 1600cc and 97kW),987,61410,2120,986,330915.0,1958.0,4030.0,110.384,99.864,89.257,1.9,1.7,10.9,3,2.1479229989868287,-0.0010121457489878916,0.07362016818475858,0.6383307573415764,-0.002024291497975672
2015-03-04,Cat B (Cars above 1600cc or 97kW),723,68668,1239,723,280617.0,1958.0,2416.0,110.384,99.864,89.257,1.9,1.7,10.9,3,1.7136929460580912,-0.26747720364741645,0.11818921999674314,-0.4155660377358491,-0.2667342799188641
2015-03-18,Cat B (Cars above 1600cc or 97kW),723,71889,1354,717,280617.0,1958.0,2416.0,110.384,99.864,89.257,1.9,1.7,10.9,3,1.8727524204702628,0.0,0.04690685617754986,0.09281678773204205,-0.008298755186721962
2015-03-18,Cat A (Cars up to 1600cc and 97kW),987,64700,2251,987,330915.0,1958.0,4030.0,110.384,99.864,89.257,1.9,1.7,10.9,3,2.2806484295845997,0.36514522821576767,-0.10000139103339867,0.6624815361890695,0.37656903765690375
2015-04-08,Cat B (Cars above 1600cc or 97kW),722,76612,1661,716,280304.0,1976.0,2289.0,113.054,101.207,90.165,2.4,1.3,1.0,4,2.3005540166204987,-0.2684903748733536,0.18411128284389489,-0.26210573078631716,-0.27456940222897674
2015-04-08,Cat A (Cars up to 1600cc and 97kW),988,67749,2340,970,329163.0,1866.0,3618.0,113.054,101.207,90.165,2.4,1.3,1.0,4,2.3684210526315788,0.368421052631579,-0.11568683757113774,0.40878988561107765,0.35474860335195535
2015-04-22,Cat B (Cars above 1600cc or 97kW),728,78001,1525,708,280304.0,1976.0,2289.0,113.054,101.207,90.165,2.4,1.3,1.0,4,2.09478021978022,-0.26315789473684215,0.15132326676408514,-0.3482905982905983,-0.2701030927835052
2015-04-22,Cat A (Cars up to 1600cc and 97kW),987,67601,2055,979,329163.0,1866.0,3618.0,113.054,101.207,90.165,2.4,1.3,1.0,4,2.082066869300912,0.35576923076923084,-0.13333162395353904,0.3475409836065573,0.38276836158192085
2015-05-06,Cat B (Cars above 1600cc or 97kW),934,77600,1631,934,280183.0,2070.0,2191.0,113.183,101.882,94.078,0.1,0.7,4.3,5,1.746252676659529,-0.05369807497467072,0.1479120131359004,-0.20632603406326033,-0.04596527068437184
2015-05-06,Cat A (Cars up to 1600cc and 97kW),1444,68589,2891,1438,328037.0,2501.0,3627.0,113.183,101.882,94.078,0.1,0.7,4.3,5,2.00207756232687,0.5460385438972162,-0.11612113402061852,0.7725321888412018,0.5396145610278373
2015-05-20,Cat A (Cars up to 1600cc and 97kW),1434,66590,2351,1431,328037.0,2501.0,3627.0,113.183,101.882,94.078,0.1,0.7,4.3,5,1.6394700139470013,-0.006925207756232732,-0.029144615025732956,-0.18678657903839502,-0.004867872044506227
2015-05-20,Cat B (Cars above 1600cc or 97kW),948,75002,1401,948,280183.0,2070.0,2191.0,113.183,101.882,94.078,0.1,0.7,4.3,5,1.4778481012658229,-0.33891213389121344,0.12632527406517502,-0.4040833687792429,-0.33752620545073375
2015-06-04,Cat B (Cars above 1600cc or 97kW),929,75000,1384,923,280955.0,3134.0,2362.0,112.066,101.752,95.75,-1.0,-0.1,1.8,6,1.4897739504843919,-0.020042194092827037,-2.6665955574545208e-05,-0.012134189864382638,-0.026371308016877593
2015-06-04,Cat A (Cars up to 1600cc and 97kW),1432,66000,1943,1393,328129.0,3853.0,3761.0,112.066,101.752,95.75,-1.0,-0.1,1.8,6,1.3568435754189945,0.541442411194833,-0.12,0.4039017341040463,0.5092091007583965
2015-06-17,Cat B (Cars above 1600cc or 97kW),928,71509,1144,926,280955.0,3134.0,2362.0,112.066,101.752,95.75,-1.0,-0.1,1.8,6,1.2327586206896552,-0.35195530726256985,0.08346969696969686,-0.41121976325270204,-0.3352476669059583
2015-06-17,Cat A (Cars up to 1600cc and 97kW),1429,61000,1766,1421,328129.0,3853.0,3761.0,112.066,101.752,95.75,-1.0,-0.1,1.8,6,1.2358292512246327,0.5398706896551724,-0.1469605224517193,0.5437062937062938,0.5345572354211663
2015-07-08,Cat A (Cars up to 1600cc and 97kW),1466,58700,1891,1464,326108.0,1777.0,3798.0,109.303,100.72,94.121,-2.5,-1.0,-1.7,7,1.2899045020463846,0.025892232330300802,-0.03770491803278686,0.07078142695356737,0.030260380014074606
2015-07-08,Cat B (Cars above 1600cc or 97kW),934,65501,1225,933,279963.0,1390.0,2382.0,109.303,100.72,94.121,-2.5,-1.0,-1.7,7,1.3115631691648821,-0.36289222373806274,0.1158603066439523,-0.35219460602855635,-0.3627049180327869
2015-07-22,Cat A (Cars up to 1600cc and 97kW),1435,55889,1966,1365,326108.0,1777.0,3798.0,109.303,100.72,94.121,-2.5,-1.0,-1.7,7,1.370034843205575,0.5364025695931478,-0.14674585120837846,0.6048979591836734,0.46302250803858525
2015-07-22,Cat B (Cars above 1600cc or 97kW),930,58109,1218,929,279963.0,1390.0,2382.0,109.303,100.72,94.121,-2.5,-1.0,-1.7,7,1.3096774193548386,-0.3519163763066202,0.039721591010753565,-0.38046795523906407,-0.3194139194139194
2015-08-05,Cat B (Cars above 1600cc or 97kW),1057,60789,1634,1054,280265.0,2241.0,1939.0,108.748,98.755,92.232,-0.5,-2.0,-2.0,8,1.5458845789971618,0.13655913978494616,0.04612022234077329,0.3415435139573071,0.13455328310010772
2015-08-05,Cat A (Cars up to 1600cc and 97kW),1688,56209,2446,1687,325302.0,2446.0,3252.0,108.748,98.755,92.232,-0.5,-2.0,-2.0,8,1.4490521327014219,0.596972563859981,-0.07534257842701808,0.4969400244798041,0.6005692599620494
2015-08-19,Cat B (Cars above 1600cc or 97kW),1058,62140,1551,1056,280265.0,2241.0,1939.0,108.748,98.755,92.232,-0.5,-2.0,-2.0,8,1.4659735349716445,-0.37322274881516593,0.10551691010336417,-0.36590351594439907,-0.37403675163011263
2015-08-19,Cat A (Cars up to 1600cc and 97kW),1756,57498,2597,1756,325302.0,2446.0,3252.0,108.748,98.755,92.232,-0.5,-2.0,-2.0,8,1.4789293849658314,0.6597353497164462,-0.07470228516253619,0.6744036105738234,0.6628787878787878
2015-09-09,Cat A (Cars up to 1600cc and 97kW),1688,57089,2553,1688,324357.0,2811.0,3756.0,108.33,98.656,90.771,-0.4,-0.1,-1.6,9,1.5124407582938388,-0.038724373576309756,-0.007113290897074687,-0.016942626107046554,-0.038724373576309756
2015-09-09,Cat B (Cars above 1600cc or 97kW),1059,62101,1628,1058,280394.0,2437.0,2308.0,108.33,98.656,90.771,-0.4,-0.1,-1.6,9,1.5372993389990557,-0.37263033175355453,0.08779274466184384,-0.3623188405797102,-0.37322274881516593
2015-09-23,Cat A (Cars up to 1600cc and 97kW),1687,55399,2276,1684,324357.0,2811.0,3756.0,108.33,98.656,90.771,-0.4,-0.1,-1.6,9,1.3491404860699467,0.5930122757318226,-0.10792096745624069,0.3980343980343981,0.5916824196597354
2015-09-23,Cat B (Cars above 1600cc or 97kW),1058,60001,1371,1041,280394.0,2437.0,2308.0,108.33,98.656,90.771,-0.4,-0.1,-1.6,9,1.2958412098298677,-0.37285121517486663,0.08307009151789746,-0.39762741652021094,-0.3818289786223278
2015-10-07,Cat A (Cars up to 1600cc and 97kW),1687,56001,2210,1679,323528.0,3667.0,4496.0,107.519,98.755,90.999,-0.7,0.1,0.3,10,1.3100177830468287,0.5945179584120983,-0.06666555557407372,0.611962071480671,0.6128722382324687
2015-10-07,Cat B (Cars above 1600cc or 97kW),1057,58190,1373,1044,280293.0,2428.0,2529.0,107.519,98.755,90.999,-0.7,0.1,0.3,10,1.2989593188268684,-0.37344398340248963,0.03908858770379098,-0.37873303167420813,-0.37820131030375226
2015-10-21,Cat A (Cars up to 1600cc and 97kW),1690,57301,2229,1684,323528.0,3667.0,4496.0,107.519,98.755,90.999,-0.7,0.1,0.3,10,1.3189349112426036,0.598864711447493,-0.015277539096064663,0.6234522942461762,0.6130268199233717
2015-10-21,Cat B (Cars above 1600cc or 97kW),1073,59889,1367,1069,280293.0,2428.0,2529.0,107.519,98.755,90.999,-0.7,0.1,0.3,10,1.2739981360671015,-0.36508875739644975,0.045165005846320216,-0.38672050246747425,-0.36520190023752974
2015-11-04,Cat B (Cars above 1600cc or 97kW),1037,57501,1267,1031,280256.0,2597.0,2634.0,108.141,98.791,89.698,0.6,0.0,-1.4,11,1.2217936354869816,-0.033550792171481825,-0.0398737664679657,-0.07315288953913679,-0.03554724041159962
2015-11-04,Cat A (Cars up to 1600cc and 97kW),1664,56001,2009,1623,322876.0,3564.0,4216.0,108.141,98.791,89.698,0.6,0.0,-1.4,11,1.2073317307692308,0.6046287367405978,-0.026086502843428838,0.5856353591160222,0.5741998060135791
2015-11-18,Cat A (Cars up to 1600cc and 97kW),1662,59200,2140,1650,322876.0,3564.0,4216.0,108.141,98.791,89.698,0.6,0.0,-1.4,11,1.2876052948255114,-0.0012019230769231282,0.05712397992892981,0.06520657043305134,0.01663585951940849
2015-11-18,Cat B (Cars above 1600cc or 97kW),1029,61103,1388,1026,280256.0,2597.0,2634.0,108.141,98.791,89.698,0.6,0.0,-1.4,11,1.3488824101069,-0.38086642599277976,0.032145270270270254,-0.3514018691588785,-0.3781818181818182
2015-12-09,Cat B (Cars above 1600cc or 97kW),1031,60001,1324,1028,280261.0,2688.0,2683.0,107.275,98.559,87.603,-0.8,-0.2,-2.3,12,1.2841901066925314,0.0019436345966958868,-0.018035121025154255,-0.04610951008645536,0.0019493177387914784
2015-12-09,Cat A (Cars up to 1600cc and 97kW),1698,56989,2132,1696,321972.0,3676.0,4580.0,107.275,98.559,87.603,-0.8,-0.2,-2.3,12,1.2555948174322733,0.646944713870029,-0.05019916334727759,0.6102719033232629,0.649805447470817
2015-12-23,Cat A (Cars up to 1600cc and 97kW),1669,54301,1978,1667,321972.0,3676.0,4580.0,107.275,98.559,87.603,-0.8,-0.2,-2.3,12,1.1851408028759736,-0.0170789163722026,-0.04716699713979888,-0.07223264540337715,-0.017099056603773533
2015-12-23,Cat B (Cars above 1600cc or 97kW),1027,55001,1200,1025,280261.0,2688.0,2683.0,107.275,98.559,87.603,-0.8,-0.2,-2.3,12,1.1684518013631937,-0.38466147393648886,0.01289110697777196,-0.39332659251769464,-0.385122975404919
2016-01-06,Cat B (Cars above 1600cc or 97kW),1027,54920,1262,1019,280312.0,3111.0,3060.0,105.257,96.792,84.967,-1.9,-1.8,-3.0,1,1.2288218111002922,0.0,-0.0014727004963546175,0.05166666666666675,-0.005853658536585371
2016-01-06,Cat A (Cars up to 1600cc and 97kW),1659,45002,2013,1649,321428.0,3953.0,4497.0,105.257,96.792,84.967,-1.9,-1.8,-3.0,1,1.213381555153707,0.6153846153846154,-0.18058994901675163,0.5950871632329635,0.6182531894013739
2016-01-20,Cat B (Cars above 1600cc or 97kW),1026,50089,1334,1026,280312.0,3111.0,3060.0,105.257,96.792,84.967,-1.9,-1.8,-3.0,1,1.3001949317738792,-0.3815551537070524,0.11303942047020143,-0.33730750124192743,-0.37780473013947846
2016-01-20,Cat A (Cars up to 1600cc and 97kW),1659,51301,3437,1638,321428.0,3953.0,4497.0,105.257,96.792,84.967,-1.9,-1.8,-3.0,1,2.071729957805907,0.6169590643274854,0.024196929465551298,1.5764617691154421,0.5964912280701755
2016-02-03,Cat A (Cars up to 1600cc and 97kW),2038,46651,2972,2033,320562.0,3239.0,4105.0,101.283,95.373,81.813,-3.8,-1.5,-3.7,2,1.4582924435721296,0.22845087402049424,-0.09064150796280779,-0.13529240616816995,0.24114774114774118
2016-02-03,Cat B (Cars above 1600cc or 97kW),1216,38610,1624,1216,280221.0,2488.0,2579.0,101.283,95.373,81.813,-3.8,-1.5,-3.7,2,1.3355263157894737,-0.4033366045142296,-0.17236500825277057,-0.4535666218034994,-0.4018691588785047
2016-02-17,Cat B (Cars above 1600cc or 97kW),1208,46970,2898,1197,280221.0,2488.0,2579.0,101.283,95.373,81.813,-3.8,-1.5,-3.7,2,2.3990066225165565,-0.006578947368421018,0.2165242165242165,0.7844827586206897,-0.015625
2016-02-17,Cat A (Cars up to 1600cc and 97kW),2049,43000,2965,2025,320562.0,3239.0,4105.0,101.283,95.373,81.813,-3.8,-1.5,-3.7,2,1.4470473401659345,0.6961920529801324,-0.08452203534170744,0.02311939268461005,0.6917293233082706
2016-03-09,Cat A (Cars up to 1600cc and 97kW),2033,45000,3518,1957,318749.0,4124.0,5937.0,102.377,95.576,83.269,1.1,0.2,1.8,3,1.7304476143630103,-0.007808687164470474,0.04651162790697683,0.18650927487352442,-0.03358024691358019
2016-03-09,Cat B (Cars above 1600cc or 97kW),1209,47604,2706,1200,279286.0,2955.0,3890.0,102.377,95.576,83.269,1.1,0.2,1.8,3,2.238213399503722,-0.40531234628627644,0.05786666666666673,-0.2308129619101762,-0.38681655595298925
2016-03-23,Cat B (Cars above 1600cc or 97kW),1220,46502,2491,1218,279286.0,2955.0,3890.0,102.377,95.576,83.269,1.1,0.2,1.8,3,2.0418032786885245,0.009098428453267138,-0.023149315183597974,-0.07945306725794532,0.014999999999999902
2016-03-23,Cat A (Cars up to 1600cc and 97kW),2053,45504,3836,2020,318749.0,4124.0,5937.0,102.377,95.576,83.269,1.1,0.2,1.8,3,1.868485143692158,0.6827868852459016,-0.02146144251860138,0.5399437976716179,0.6584564860426929
2016-04-06,Cat B (Cars above 1600cc or 97kW),1218,47000,2247,1218,279455.0,3180.0,3011.0,102.948,95.744,82.903,0.6,0.2,-0.4,4,1.8448275862068966,-0.40672187043351193,0.03287623066104084,-0.41423357664233573,-0.39702970297029705
2016-04-06,Cat A (Cars up to 1600cc and 97kW),2105,46009,3719,2103,318171.0,3997.0,4575.0,102.948,95.744,82.903,0.6,0.2,-0.4,4,1.7667458432304037,0.7282430213464697,-0.02108510638297867,0.6550956831330663,0.7266009852216748
2016-04-20,Cat A (Cars up to 1600cc and 97kW),2062,47300,3327,2061,318171.0,3997.0,4575.0,102.948,95.744,82.903,0.6,0.2,-0.4,4,1.6134820562560621,-0.02042755344418057,0.028059727444630367,-0.10540467867706371,-0.0199714693295292
2016-04-20,Cat B (Cars above 1600cc or 97kW),1211,49602,2364,1136,279455.0,3180.0,3011.0,102.948,95.744,82.903,0.6,0.2,-0.4,4,1.9521056977704376,-0.4127061105722599,0.04866807610993651,-0.2894499549143372,-0.44881125667151867
2016-05-05,Cat A (Cars up to 1600cc and 97kW),2218,47889,3446,2217,318588.0,4910.0,4493.0,103.31,96.033,84.434,0.4,0.3,1.8,5,1.5536519386834986,0.8315441783649875,-0.03453489778637964,0.4576988155668358,0.9515845070422535
2016-05-05,Cat B (Cars above 1600cc or 97kW),1462,51010,2435,1454,279793.0,3295.0,2957.0,103.31,96.033,84.434,0.4,0.3,1.8,5,1.6655266757865936,-0.3408476104598738,0.06517154252542334,-0.2933836331979106,-0.3441587731168245
2016-05-18,Cat A (Cars up to 1600cc and 97kW),2217,47020,3227,2182,318588.0,4910.0,4493.0,103.31,96.033,84.434,0.4,0.3,1.8,5,1.455570590888588,0.5164158686730507,-0.07821995687120176,0.3252566735112936,0.5006877579092159
2016-05-18,Cat B (Cars above 1600cc or 97kW),1537,49156,2322,1536,279793.0,3295.0,2957.0,103.31,96.033,84.434,0.4,0.3,1.8,5,1.5107351984385167,-0.30672079386558415,0.045427477669077065,-0.2804462348930895,-0.2960586617781852
2016-06-08,Cat A (Cars up to 1600cc and 97kW),2218,53694,4545,2213,319371.0,4847.0,4064.0,106.314,97.354,86.454,2.9,1.4,2.4,6,2.0491433724075745,0.44307091737150284,0.0923183334689559,0.9573643410852712,0.44075520833333326
2016-06-08,Cat B (Cars above 1600cc or 97kW),1470,56000,3436,1463,280335.0,3254.0,2712.0,106.314,97.354,86.454,2.9,1.4,2.4,6,2.3374149659863948,-0.3372407574391344,0.042947070436175405,-0.244004400440044,-0.3389064618165386
2016-06-22,Cat B (Cars above 1600cc or 97kW),1463,57010,2914,1462,280335.0,3254.0,2712.0,106.314,97.354,86.454,2.9,1.4,2.4,6,1.9917976760082023,-0.004761904761904745,0.018035714285714377,-0.15192083818393476,-0.0006835269993165083
2016-06-22,Cat A (Cars up to 1600cc and 97kW),2252,55200,3957,2197,319371.0,4847.0,4064.0,106.314,97.354,86.454,2.9,1.4,2.4,6,1.7571047957371226,0.5393028024606972,-0.03174881599719348,0.3579272477693891,0.5027359781121752
2016-07-07,Cat B (Cars above 1600cc or 97kW),1469,56089,2547,1469,280727.0,3044.0,2652.0,106.265,97.241,85.7,0.0,-0.1,-0.9,7,1.7338325391422738,-0.3476909413854352,0.016105072463768133,-0.356330553449583,-0.33136094674556216
2016-07-07,Cat A (Cars up to 1600cc and 97kW),2222,52301,3194,2212,318986.0,3859.0,4244.0,106.265,97.241,85.7,0.0,-0.1,-0.9,7,1.4374437443744374,0.5125936010891763,-0.06753552389951689,0.2540243423635651,0.505786249149081
2016-07-20,Cat B (Cars above 1600cc or 97kW),1463,57508,2439,1463,280727.0,3044.0,2652.0,106.265,97.241,85.7,0.0,-0.1,-0.9,7,1.6671223513328777,-0.34158415841584155,0.0995583258446302,-0.23638071383844705,-0.3386075949367089
2016-07-20,Cat A (Cars up to 1600cc and 97kW),2272,53000,3195,2246,318986.0,3859.0,4244.0,106.265,97.241,85.7,0.0,-0.1,-0.9,7,1.40625,0.5529733424470267,-0.07838909369131253,0.30996309963099633,0.5352016404647983
2016-08-03,Cat B (Cars above 1600cc or 97kW),1336,57903,2156,1300,280950.0,2889.0,2666.0,105.94,98.037,84.54,-0.3,0.8,-1.4,8,1.6137724550898203,-0.4119718309859155,0.09250943396226408,-0.3251956181533646,-0.42119323241317896
2016-08-03,Cat A (Cars up to 1600cc and 97kW),2018,52503,2712,1959,319188.0,4229.0,4027.0,105.94,98.037,84.54,-0.3,0.8,-1.4,8,1.3439048562933598,0.5104790419161678,-0.09325941661053827,0.2578849721706864,0.506923076923077
2016-08-17,Cat A (Cars up to 1600cc and 97kW),2034,53334,2803,2034,319188.0,4229.0,4027.0,105.94,98.037,84.54,-0.3,0.8,-1.4,8,1.3780727630285152,0.007928642220019766,0.01582766699045779,0.03355457227138636,0.038284839203675425
2016-08-17,Cat B (Cars above 1600cc or 97kW),1336,56500,2088,1334,280950.0,2889.0,2666.0,105.94,98.037,84.54,-0.3,0.8,-1.4,8,1.562874251497006,-0.34316617502458213,0.05936175797802523,-0.2550838387442026,-0.344149459193707
2016-09-07,Cat B (Cars above 1600cc or 97kW),1372,57002,2183,1358,281624.0,3430.0,2756.0,105.25,98.143,86.494,-0.7,0.1,2.3,9,1.5911078717201166,0.026946107784431073,0.008884955752212376,0.045498084291187846,0.01799100449775115
2016-09-07,Cat A (Cars up to 1600cc and 97kW),2067,51506,2739,2011,319876.0,4486.0,3798.0,105.25,98.143,86.494,-0.7,0.1,2.3,9,1.3251088534107403,0.5065597667638484,-0.09641766955545417,0.25469537333944103,0.4808541973490428
2016-09-21,Cat B (Cars above 1600cc or 97kW),1338,55501,2017,1334,281624.0,3430.0,2756.0,105.25,98.143,86.494,-0.7,0.1,2.3,9,1.507473841554559,-0.3526850507982583,0.07756377897720657,-0.2635998539612997,-0.33664843361511687
2016-09-21,Cat A (Cars up to 1600cc and 97kW),2008,50000,2610,1993,319876.0,4486.0,3798.0,105.25,98.143,86.494,-0.7,0.1,2.3,9,1.299800796812749,0.5007473841554559,-0.0991153312552927,0.29400099157164106,0.4940029985007497
2016-10-05,Cat B (Cars above 1600cc or 97kW),1350,53001,1785,1246,282260.0,3511.0,2875.0,104.961,98.52,88.99,-0.3,0.4,2.9,10,1.3222222222222222,-0.3276892430278885,0.06001999999999996,-0.3160919540229885,-0.37481184144505775
2016-10-05,Cat A (Cars up to 1600cc and 97kW),2064,51507,2938,1979,319648.0,4247.0,4475.0,104.961,98.52,88.99,-0.3,0.4,2.9,10,1.4234496124031009,0.528888888888889,-0.02818814739344544,0.64593837535014,0.588282504012841
2016-10-19,Cat B (Cars above 1600cc or 97kW),1340,56410,1768,1329,282260.0,3511.0,2875.0,104.961,98.52,88.99,-0.3,0.4,2.9,10,1.319402985074627,-0.35077519379844957,0.09519094492010804,-0.3982300884955752,-0.32844871147043964
2016-10-19,Cat A (Cars up to 1600cc and 97kW),2023,50991,2584,2021,319648.0,4247.0,4475.0,104.961,98.52,88.99,-0.3,0.4,2.9,10,1.2773109243697478,0.5097014925373133,-0.09606452756603434,0.46153846153846145,0.5206922498118887
2016-11-09,Cat B (Cars above 1600cc or 97kW),1347,56206,2012,1345,282950.0,3805.0,3115.0,104.907,98.53,89.517,-0.1,0.0,0.6,11,1.493689680772086,-0.3341571922886801,0.10227295012845405,-0.22136222910216719,-0.33448787728847107
2016-11-09,Cat A (Cars up to 1600cc and 97kW),1929,52668,2800,1929,318859.0,3674.0,4463.0,104.907,98.53,89.517,-0.1,0.0,0.6,11,1.4515292897874545,0.43207126948775065,-0.06294701633277588,0.39165009940357853,0.4342007434944237
2016-11-23,Cat A (Cars up to 1600cc and 97kW),1846,50951,2536,1846,318859.0,3674.0,4463.0,104.907,98.53,89.517,-0.1,0.0,0.6,11,1.3737811484290356,-0.043027475375842394,-0.032600440495177296,-0.0942857142857143,-0.043027475375842394
2016-11-23,Cat B (Cars above 1600cc or 97kW),1254,53001,1708,1253,282950.0,3805.0,3115.0,104.907,98.53,89.517,-0.1,0.0,0.6,11,1.3620414673046253,-0.3206933911159263,0.04023473533394828,-0.3264984227129337,-0.3212351029252438
2016-12-07,Cat A (Cars up to 1600cc and 97kW),1844,48000,2335,1812,318081.0,3735.0,4513.0,103.237,99.389,91.279,-1.6,0.9,2.0,12,1.2662689804772234,0.47049441786283897,-0.09435671025074999,0.3670960187353629,0.44612928970470866
2016-12-07,Cat B (Cars above 1600cc or 97kW),1245,46229,1494,1237,283137.0,3040.0,2853.0,103.237,99.389,91.279,-1.6,0.9,2.0,12,1.2,-0.32483731019522777,-0.03689583333333335,-0.36017130620985016,-0.3173289183222958
2016-12-21,Cat A (Cars up to 1600cc and 97kW),1844,49751,2554,1843,318081.0,3735.0,4513.0,103.237,99.389,91.279,-1.6,0.9,2.0,12,1.3850325379609545,0.48112449799196777,0.07618594388803568,0.7095046854082998,0.48989490703314464
2016-12-21,Cat B (Cars above 1600cc or 97kW),1244,51109,2052,1242,283137.0,3040.0,2853.0,103.237,99.389,91.279,-1.6,0.9,2.0,12,1.6495176848874598,-0.32537960954446854,0.02729593375007533,-0.19655442443226312,-0.32609875203472594
2017-01-05,Cat B (Cars above 1600cc or 97kW),1252,53106,1835,1243,284056.0,3835.0,2916.0,104.596,99.526,91.938,1.3,0.1,0.7,1,1.4656549520766773,0.006430868167202508,0.039073353029799085,-0.1057504873294347,0.0008051529790660261
2017-01-05,Cat A (Cars up to 1600cc and 97kW),1877,50101,2260,1870,317387.0,3695.0,4389.0,104.596,99.526,91.938,1.3,0.1,0.7,1,1.2040490143846563,0.49920127795527147,-0.056584943320905357,0.2316076294277929,0.5044247787610618
2017-01-18,Cat B (Cars above 1600cc or 97kW),1246,52807,1967,1226,284056.0,3835.0,2916.0,104.596,99.526,91.938,1.3,0.1,0.7,1,1.5786516853932584,-0.336174746936601,0.05401089798606806,-0.129646017699115,-0.3443850267379679
2017-01-18,Cat A (Cars up to 1600cc and 97kW),1846,50889,2437,1766,317387.0,3695.0,4389.0,104.596,99.526,91.938,1.3,0.1,0.7,1,1.3201516793066088,0.4815409309791332,-0.03632094229931637,0.23894255210981186,0.44045676998368677
2017-02-08,Cat B (Cars above 1600cc or 97kW),1366,48209,1783,1352,283987.0,2501.0,2570.0,103.159,99.378,93.555,-1.4,-0.1,1.8,2,1.3052708638360175,-0.26002166847237274,-0.052663640472400686,-0.2683627410750923,-0.23442808607021515
2017-02-08,Cat A (Cars up to 1600cc and 97kW),2060,48401,2691,2051,317446.0,3647.0,3588.0,103.159,99.378,93.555,-1.4,-0.1,1.8,2,1.3063106796116506,0.5080527086383602,0.003982658839635667,0.5092540661805944,0.5170118343195267
2017-02-24,Cat B (Cars above 1600cc or 97kW),1377,50621,2126,1377,283987.0,2501.0,2570.0,103.159,99.378,93.555,-1.4,-0.1,1.8,2,1.543936092955701,-0.33155339805825246,0.045866820933451846,-0.20995912300260122,-0.32862018527547543
2017-02-24,Cat A (Cars up to 1600cc and 97kW),2133,49430,2926,2089,317446.0,3647.0,3588.0,103.159,99.378,93.555,-1.4,-0.1,1.8,2,1.3717768401312704,0.5490196078431373,-0.023527784911400396,0.3762935089369708,0.5170660856935367
2017-03-15,Cat A (Cars up to 1600cc and 97kW),2061,50789,3190,2045,317684.0,4666.0,4428.0,104.601,99.854,92.82,1.4,0.5,-0.8,3,1.5477923338185346,-0.03375527426160341,0.027493425045518993,0.09022556390977443,-0.02106270943034949
2017-03-15,Cat B (Cars above 1600cc or 97kW),1371,53300,2298,1368,284807.0,3927.0,3107.0,104.601,99.854,92.82,1.4,0.5,-0.8,3,1.676148796498906,-0.3347889374090247,0.04943983933528906,-0.27962382445141065,-0.33105134474327624
2017-03-29,Cat B (Cars above 1600cc or 97kW),1357,54000,2081,1345,284807.0,3927.0,3107.0,104.601,99.854,92.82,1.4,0.5,-0.8,3,1.5335298452468682,-0.010211524434719177,0.013133208255159401,-0.09442993907745867,-0.016812865497076057
2017-03-29,Cat A (Cars up to 1600cc and 97kW),2096,51765,2961,2096,317684.0,4666.0,4428.0,104.601,99.854,92.82,1.4,0.5,-0.8,3,1.4126908396946565,0.5445836403831983,-0.04138888888888892,0.4228736184526669,0.558364312267658
2017-04-12,Cat B (Cars above 1600cc or 97kW),1360,54405,1970,1360,285336.0,3114.0,2585.0,105.732,100.239,92.907,1.1,0.4,0.1,4,1.4485294117647058,-0.35114503816793896,0.05099971022891925,-0.33468422830124955,-0.35114503816793896
2017-04-12,Cat A (Cars up to 1600cc and 97kW),2068,52000,2486,2061,317442.0,3672.0,3914.0,105.732,100.239,92.907,1.1,0.4,0.1,4,1.202127659574468,0.5205882352941176,-0.044205495818399054,0.26192893401015227,0.5154411764705882
2017-04-26,Cat B (Cars above 1600cc or 97kW),1369,54406,2000,1365,285336.0,3114.0,2585.0,105.732,100.239,92.907,1.1,0.4,0.1,4,1.4609203798392987,-0.3380077369439072,0.04626923076923073,-0.19549477071600962,-0.3377001455604076
2017-04-26,Cat A (Cars up to 1600cc and 97kW),2052,51600,2442,2030,317442.0,3672.0,3914.0,105.732,100.239,92.907,1.1,0.4,0.1,4,1.1900584795321638,0.49890430971512045,-0.051575193912436146,0.22100000000000009,0.4871794871794872
2017-05-11,Cat B (Cars above 1600cc or 97kW),1320,55414,1996,1316,286307.0,3933.0,2962.0,105.204,99.655,92.692,-0.5,-0.6,-0.2,5,1.5121212121212122,-0.35672514619883045,0.07391472868217064,-0.18263718263718265,-0.3517241379310345
2017-05-11,Cat A (Cars up to 1600cc and 97kW),1905,51106,2240,1905,317841.0,4473.0,4074.0,105.204,99.655,92.692,-0.5,-0.6,-0.2,5,1.1758530183727034,0.4431818181818181,-0.07774208683726136,0.12224448897795592,0.44756838905775087
2017-05-24,Cat B (Cars above 1600cc or 97kW),1325,53001,1725,1325,286307.0,3933.0,2962.0,105.204,99.655,92.692,-0.5,-0.6,-0.2,5,1.3018867924528301,-0.3044619422572179,0.03707979493601532,-0.2299107142857143,-0.3044619422572179
2017-05-24,Cat A (Cars up to 1600cc and 97kW),1920,46489,2601,1913,317841.0,4473.0,4074.0,105.204,99.655,92.692,-0.5,-0.6,-0.2,5,1.3546875,0.4490566037735848,-0.12286560630931487,0.5078260869565216,0.4437735849056603
2017-06-07,Cat B (Cars above 1600cc or 97kW),1325,50110,1582,1324,287549.0,4055.0,2813.0,103.201,99.103,92.127,-1.9,-0.6,-0.6,6,1.1939622641509433,-0.30989583333333337,0.07788939318978683,-0.3917723952326029,-0.3078933612127548
2017-06-07,Cat A (Cars up to 1600cc and 97kW),1898,45201,2245,1893,318144.0,4189.0,3886.0,103.201,99.103,92.127,-1.9,-0.6,-0.6,6,1.1828240252897788,0.4324528301886792,-0.09796447814807419,0.41908975979772434,0.4297583081570997
2017-06-21,Cat A (Cars up to 1600cc and 97kW),1906,42801,2302,1898,318144.0,4189.0,3886.0,103.201,99.103,92.127,-1.9,-0.6,-0.6,6,1.2077649527806926,0.004214963119072657,-0.05309617043870707,0.02538975501113594,0.002641310089804616
2017-06-21,Cat B (Cars above 1600cc or 97kW),1321,47501,1651,1320,287549.0,4055.0,2813.0,103.201,99.103,92.127,-1.9,-0.6,-0.6,6,1.2498107494322483,-0.3069254984260231,0.10981051844583067,-0.2827975673327541,-0.3045310853530031
2017-07-05,Cat A (Cars up to 1600cc and 97kW),1904,42801,2296,1902,318056.0,3674.0,3762.0,103.667,99.206,91.901,0.5,0.1,-0.2,7,1.2058823529411764,0.441332323996972,-0.09894528536241343,0.3906723198061781,0.4409090909090909
2017-07-05,Cat B (Cars above 1600cc or 97kW),1322,49802,1910,1321,288401.0,3847.0,2995.0,103.667,99.206,91.901,0.5,0.1,-0.2,7,1.4447806354009076,-0.30567226890756305,0.16357094460409805,-0.1681184668989547,-0.30546792849631965
2017-07-19,Cat A (Cars up to 1600cc and 97kW),1907,44002,2389,1905,318056.0,3674.0,3762.0,103.667,99.206,91.901,0.5,0.1,-0.2,7,1.2527530152071316,0.44251134644478074,-0.11646118629773905,0.250785340314136,0.4420893262679788
2017-07-19,Cat B (Cars above 1600cc or 97kW),1322,50001,1784,1314,288401.0,3847.0,2995.0,103.667,99.206,91.901,0.5,0.1,-0.2,7,1.3494704992435704,-0.30676455165180916,0.13633471205854275,-0.25324403516115535,-0.3102362204724409
2017-08-10,Cat B (Cars above 1600cc or 97kW),1286,53711,1978,1281,289426.0,3970.0,2945.0,104.285,99.444,92.983,0.6,0.2,1.2,8,1.5381026438569207,-0.027231467473525006,0.07419851602967942,0.108744394618834,-0.02511415525114158
2017-08-10,Cat A (Cars up to 1600cc and 97kW),1817,46778,2403,1812,318082.0,3746.0,3720.0,104.285,99.444,92.983,0.6,0.2,1.2,8,1.3225096312603193,0.41290824261275283,-0.12907970434361682,0.21486349848331643,0.41451990632318503
2017-08-23,Cat A (Cars up to 1600cc and 97kW),1817,42900,2148,1817,318082.0,3746.0,3720.0,104.285,99.444,92.983,0.6,0.2,1.2,8,1.182168409466153,0.0,-0.08290221899183381,-0.10611735330836458,0.0027593818984548157
2017-08-23,Cat B (Cars above 1600cc or 97kW),1293,51000,1683,1290,289426.0,3970.0,2945.0,104.285,99.444,92.983,0.6,0.2,1.2,8,1.3016241299303943,-0.2883874518436984,0.18881118881118875,-0.21648044692737434,-0.2900385250412768
2017-09-06,Cat A (Cars up to 1600cc and 97kW),1820,36001,2195,1806,317362.0,2775.0,3495.0,102.703,99.18,94.229,-1.5,-0.3,1.3,9,1.206043956043956,0.40757927300850727,-0.2940980392156862,0.30421865715983354,0.3999999999999999
2017-09-06,Cat B (Cars above 1600cc or 97kW),1290,49000,1704,1290,289533.0,3126.0,3019.0,102.703,99.18,94.229,-1.5,-0.3,1.3,9,1.3209302325581396,-0.2912087912087912,0.36107330351934674,-0.22369020501138948,-0.2857142857142857
2017-09-20,Cat B (Cars above 1600cc or 97kW),1288,49189,1859,1288,289533.0,3126.0,3019.0,102.703,99.18,94.229,-1.5,-0.3,1.3,9,1.4433229813664596,-0.0015503875968991832,0.0038571428571427813,0.090962441314554,-0.0015503875968991832
2017-09-20,Cat A (Cars up to 1600cc and 97kW),1815,42902,3469,1815,317362.0,2775.0,3495.0,102.703,99.18,94.229,-1.5,-0.3,1.3,9,1.9112947658402204,0.4091614906832297,-0.1278131289515949,0.8660570199031739,0.4091614906832297
2017-10-04,Cat B (Cars above 1600cc or 97kW),1285,48109,1646,1284,290208.0,3730.0,3055.0,103.495,99.637,95.252,0.8,0.5,1.1,10,1.2809338521400777,-0.2920110192837465,0.12136963311733728,-0.5255116748342461,-0.2925619834710744
2017-10-04,Cat A (Cars up to 1600cc and 97kW),1829,41761,2808,1827,317224.0,3416.0,3554.0,103.495,99.637,95.252,0.8,0.5,1.1,10,1.5352651722252597,0.4233463035019456,-0.13195036271799454,0.7059538274605104,0.4228971962616823
2017-10-19,Cat B (Cars above 1600cc or 97kW),1285,49996,1718,1277,290208.0,3730.0,3055.0,103.495,99.637,95.252,0.8,0.5,1.1,10,1.336964980544747,-0.29743028977583374,0.19719355379421,-0.38817663817663817,-0.30103995621237
2017-10-19,Cat A (Cars up to 1600cc and 97kW),1815,41617,2391,1809,317224.0,3416.0,3554.0,103.495,99.637,95.252,0.8,0.5,1.1,10,1.3173553719008264,0.41245136186770437,-0.16759340747259777,0.3917345750873109,0.41660140955364144
2017-11-08,Cat A (Cars up to 1600cc and 97kW),1683,47112,3430,1683,317607.0,3754.0,3371.0,106.417,101.085,97.234,2.8,1.5,2.1,11,2.038027332144979,-0.07272727272727275,0.13203738856717218,0.43454621497281476,-0.06965174129353235
2017-11-08,Cat B (Cars above 1600cc or 97kW),1376,57414,2515,1375,291182.0,3913.0,2939.0,106.417,101.085,97.234,2.8,1.5,2.1,11,1.8277616279069768,-0.18241235888294716,0.21867040244523683,-0.26676384839650147,-0.18300653594771243
2017-11-22,Cat B (Cars above 1600cc or 97kW),1383,57390,2173,1383,291182.0,3913.0,2939.0,106.417,101.085,97.234,2.8,1.5,2.1,11,1.5712219812002892,0.005087209302325535,-0.0004180165116521861,-0.1359840954274354,0.005818181818181722
2017-11-22,Cat A (Cars up to 1600cc and 97kW),1686,46791,2721,1679,317607.0,3754.0,3371.0,106.417,101.085,97.234,2.8,1.5,2.1,11,1.613879003558719,0.2190889370932756,-0.18468374281233668,0.2521859180855959,0.21402747650036158
2017-12-06,Cat B (Cars above 1600cc or 97kW),1375,53711,1805,1375,293669.0,5748.0,3261.0,104.859,100.761,96.435,-1.5,-0.3,-0.8,12,1.3127272727272727,-0.1844602609727165,0.14789168857258872,-0.33664094083057694,-0.18106015485407978
2017-12-06,Cat A (Cars up to 1600cc and 97kW),1680,42339,2158,1667,318536.0,4369.0,3440.0,104.859,100.761,96.435,-1.5,-0.3,-0.8,12,1.2845238095238096,0.22181818181818191,-0.21172571726461986,0.19556786703601103,0.2123636363636363
2017-12-20,Cat B (Cars above 1600cc or 97kW),1374,47002,1634,1367,293669.0,5748.0,3261.0,104.859,100.761,96.435,-1.5,-0.3,-0.8,12,1.1892285298398835,-0.18214285714285716,0.11013486383712423,-0.2428174235403151,-0.17996400719856032
2017-12-20,Cat A (Cars up to 1600cc and 97kW),1687,38200,1970,1654,318536.0,4369.0,3440.0,104.859,100.761,96.435,-1.5,-0.3,-0.8,12,1.167753408417309,0.22780203784570596,-0.1872686268669418,0.2056303549571603,0.2099487929773225
2018-01-04,Cat A (Cars up to 1600cc and 97kW),1693,41400,2264,1693,318282.0,3524.0,3778.0,103.324,100.244,97.764,-1.5,-0.5,1.4,1,1.3372711163614885,0.003556609365737984,0.08376963350785349,0.14923857868020307,0.023579201934703642
2018-01-04,Cat B (Cars above 1600cc or 97kW),1374,45289,1811,1368,292470.0,2045.0,3244.0,103.324,100.244,97.764,-1.5,-0.5,1.4,1,1.3180494905385736,-0.18842291789722387,0.0939371980676329,-0.20008833922261482,-0.19196692262256354
2018-01-17,Cat B (Cars above 1600cc or 97kW),1381,42661,1654,1380,292470.0,2045.0,3244.0,103.324,100.244,97.764,-1.5,-0.5,1.4,1,1.1976828385228095,0.005094614264919972,-0.058027335556095294,-0.08669243511871894,0.00877192982456143
2018-01-17,Cat A (Cars up to 1600cc and 97kW),1713,36890,1938,1708,318282.0,3524.0,3778.0,103.324,100.244,97.764,-1.5,-0.5,1.4,1,1.1313485113835378,0.2404055032585084,-0.1352757788143738,0.17170495767835559,0.2376811594202899
2018-02-07,Cat A (Cars up to 1600cc and 97kW),1557,40000,2389,1534,318492.0,2668.0,2458.0,101.566,100.011,97.71,-1.7,-0.2,-0.1,2,1.5343609505459217,-0.09106830122591947,0.08430468961778259,0.2327141382868938,-0.10187353629976581
2018-02-07,Cat B (Cars above 1600cc or 97kW),1396,42322,1831,1396,292773.0,2541.0,2238.0,101.566,100.011,97.71,-1.7,-0.2,-0.1,2,1.3116045845272206,-0.10340398201669876,0.058049999999999935,-0.2335705316031812,-0.08996088657105605
2018-02-21,Cat A (Cars up to 1600cc and 97kW),1562,36810,2073,1561,318492.0,2668.0,2458.0,101.566,100.011,97.71,-1.7,-0.2,-0.1,2,1.327144686299616,0.11891117478510038,-0.1302395917017154,0.13216821409066082,0.11819484240687683
2018-02-21,Cat B (Cars above 1600cc or 97kW),1391,39000,1744,1379,292773.0,2541.0,2238.0,101.566,100.011,97.71,-1.7,-0.2,-0.1,2,1.2537742631200575,-0.10947503201024322,0.059494702526487364,-0.15870718765074776,-0.11659192825112108
2018-03-07,Cat A (Cars up to 1600cc and 97kW),1580,38830,2405,1572,318856.0,3674.0,3310.0,100.712,99.348,97.343,-0.8,-0.7,-0.4,3,1.5221518987341771,0.13587347232207048,-0.004358974358974366,0.3790137614678899,0.1399564902102972
2018-03-07,Cat B (Cars above 1600cc or 97kW),1390,39001,1731,1390,293043.0,3313.0,3043.0,100.712,99.348,97.343,-0.8,-0.7,-0.4,3,1.2453237410071942,-0.120253164556962,0.0044038114859643596,-0.28024948024948027,-0.11577608142493634
2018-03-21,Cat B (Cars above 1600cc or 97kW),1402,37010,1639,1374,293043.0,3313.0,3043.0,100.712,99.348,97.343,-0.8,-0.7,-0.4,3,1.1690442225392297,0.008633093525179936,-0.051049973077613386,-0.053148469093009854,-0.01151079136690647
2018-03-21,Cat A (Cars up to 1600cc and 97kW),1559,38000,2117,1551,318856.0,3674.0,3310.0,100.712,99.348,97.343,-0.8,-0.7,-0.4,3,1.3579217447081462,0.11198288159771752,0.02674952715482304,0.291641244661379,0.12882096069868987
2018-04-04,Cat A (Cars up to 1600cc and 97kW),1566,37000,1888,1564,318594.0,3342.0,3604.0,100.257,99.498,98.448,-0.5,0.2,1.1,4,1.2056194125159643,0.004490057729313657,-0.02631578947368418,-0.10817194142654696,0.008381689232753065
2018-04-04,Cat B (Cars above 1600cc or 97kW),1389,37605,1689,1388,293875.0,3615.0,2783.0,100.257,99.498,98.448,-0.5,0.2,1.1,4,1.2159827213822894,-0.1130268199233716,0.01635135135135135,-0.10540254237288138,-0.11253196930946296
2018-04-18,Cat B (Cars above 1600cc or 97kW),1417,37330,1919,1414,293875.0,3615.0,2783.0,100.257,99.498,98.448,-0.5,0.2,1.1,4,1.3542695836273817,0.02015838732901365,-0.0073128573328015145,0.13617525162818245,0.018731988472622474
2018-04-18,Cat A (Cars up to 1600cc and 97kW),1566,38510,2027,1566,318594.0,3342.0,3604.0,100.257,99.498,98.448,-0.5,0.2,1.1,4,1.2943805874840357,0.10515172900493996,0.031609965175461996,0.05627931214174042,0.10749646393210743
2018-05-09,Cat A (Cars up to 1600cc and 97kW),1435,38941,1836,1428,318830.0,3889.0,3653.0,100.397,99.691,100.104,0.1,0.2,1.7,5,1.2794425087108015,-0.08365261813537672,0.0111918982082575,-0.09422792303897387,-0.08812260536398464
2018-05-09,Cat B (Cars above 1600cc or 97kW),1280,38501,2155,1267,294525.0,3523.0,2873.0,100.397,99.691,100.104,0.1,0.2,1.7,5,1.68359375,-0.10801393728222997,-0.011299144860173027,0.17374727668845313,-0.11274509803921573
2018-05-23,Cat A (Cars up to 1600cc and 97kW),1434,38001,1805,1422,318830.0,3889.0,3653.0,100.397,99.691,100.104,0.1,0.2,1.7,5,1.2587168758716876,0.12031250000000004,-0.012986675670761838,-0.16241299303944312,0.12233622730860305
2018-05-23,Cat B (Cars above 1600cc or 97kW),1283,37989,1915,1247,294525.0,3523.0,2873.0,100.397,99.691,100.104,0.1,0.2,1.7,5,1.4925954793452845,-0.10529986052998608,-0.00031578116365360565,0.06094182825484773,-0.12306610407876228
2018-06-06,Cat B (Cars above 1600cc or 97kW),1293,36000,1727,1285,296296.0,4528.0,2757.0,99.015,99.366,100.459,-1.4,-0.3,0.4,6,1.3356535189481826,0.0077942322681214815,-0.05235726131248519,-0.09817232375979112,0.030473135525260542
2018-06-06,Cat A (Cars up to 1600cc and 97kW),1441,36426,1696,1440,320934.0,5927.0,3823.0,99.015,99.366,100.459,-1.4,-0.3,0.4,6,1.1769604441360166,0.11446249033255995,0.011833333333333362,-0.017950202663578496,0.12062256809338523
2018-06-20,Cat B (Cars above 1600cc or 97kW),1316,33900,1729,1311,296296.0,4528.0,2757.0,99.015,99.366,100.459,-1.4,-0.3,0.4,6,1.3138297872340425,-0.0867453157529493,-0.06934607148739913,0.019457547169811296,-0.08958333333333335
2018-06-20,Cat A (Cars up to 1600cc and 97kW),1446,34110,1818,1437,320934.0,5927.0,3823.0,99.015,99.366,100.459,-1.4,-0.3,0.4,6,1.2572614107883817,0.09878419452887544,0.006194690265486802,0.05147484094852506,0.09610983981693355
2018-07-04,Cat A (Cars up to 1600cc and 97kW),1435,25000,1626,1427,318780.0,2059.0,4213.0,97.749,98.893,100.605,-1.3,-0.5,0.1,7,1.1331010452961672,-0.007607192254495132,-0.26707710348871294,-0.10561056105610556,-0.00695894224077942
2018-07-04,Cat B (Cars above 1600cc or 97kW),1288,31000,1637,1288,296587.0,3207.0,2916.0,97.749,98.893,100.605,-1.3,-0.5,0.1,7,1.2709627329192548,-0.10243902439024388,0.24,0.006765067650676526,-0.09740714786264892
2018-07-18,Cat A (Cars up to 1600cc and 97kW),1443,32699,3100,1412,318780.0,2059.0,4213.0,97.749,98.893,100.605,-1.3,-0.5,0.1,7,2.1483021483021485,0.12034161490683237,0.054806451612903206,0.8937080024434942,0.09627329192546585
2018-07-18,Cat B (Cars above 1600cc or 97kW),1285,32551,1919,1278,296587.0,3207.0,2916.0,97.749,98.893,100.605,-1.3,-0.5,0.1,7,1.4933852140077821,-0.10949410949410954,-0.004526132297623775,-0.3809677419354839,-0.0949008498583569
2018-08-08,Cat A (Cars up to 1600cc and 97kW),1672,33798,3633,1672,317500.0,2721.0,4001.0,98.891,99.218,101.011,1.2,0.3,0.4,8,2.172846889952153,0.3011673151750973,0.03830911492734468,0.8931735278791038,0.3082942097026604
2018-08-08,Cat B (Cars above 1600cc or 97kW),1265,34381,2132,1256,297046.0,3208.0,2749.0,98.891,99.218,101.011,1.2,0.3,0.4,8,1.6853754940711463,-0.24342105263157898,0.01724954139298185,-0.4131571703826039,-0.24880382775119614
2018-08-23,Cat B (Cars above 1600cc or 97kW),1272,32429,2031,1259,297046.0,3208.0,2749.0,98.891,99.218,101.011,1.2,0.3,0.4,8,1.596698113207547,0.005533596837944632,-0.056775544632209685,-0.04737335834896805,0.0023885350318471055
2018-08-23,Cat A (Cars up to 1600cc and 97kW),1695,31997,2948,1695,317500.0,2721.0,4001.0,98.891,99.218,101.011,1.2,0.3,0.4,8,1.7392330383480825,0.3325471698113207,-0.013321409849209043,0.45150172328902016,0.34630659253375695
2018-09-05,Cat B (Cars above 1600cc or 97kW),1274,32001,1959,1268,297770.0,3280.0,2556.0,97.569,99.033,102.737,-1.3,-0.2,1.7,9,1.5376766091051806,-0.248377581120944,0.00012501171984879988,-0.3354816824966079,-0.25191740412979347
2018-09-05,Cat A (Cars up to 1600cc and 97kW),1664,30209,2488,1661,316501.0,2887.0,3886.0,97.569,99.033,102.737,-1.3,-0.2,1.7,9,1.4951923076923077,0.30612244897959173,-0.05599825005468584,0.2700357325165901,0.30993690851735023
2018-09-19,Cat B (Cars above 1600cc or 97kW),1278,31307,1859,1269,297770.0,3280.0,2556.0,97.569,99.033,102.737,-1.3,-0.2,1.7,9,1.4546165884194053,-0.23197115384615385,0.03634678407097214,-0.2528135048231511,-0.23600240818783869
2018-09-19,Cat A (Cars up to 1600cc and 97kW),1664,28000,2059,1655,316501.0,2887.0,3886.0,97.569,99.033,102.737,-1.3,-0.2,1.7,9,1.2373798076923077,0.3020344287949921,-0.1056313284568946,0.1075847229693383,0.3041765169424744
2018-10-03,Cat A (Cars up to 1600cc and 97kW),1668,28457,2059,1665,315863.0,3018.0,3656.0,96.819,99.098,104.58,-0.8,0.1,1.8,10,1.234412470023981,0.0024038461538462563,0.016321428571428598,0.0,0.0060422960725075026
2018-10-03,Cat B (Cars above 1600cc or 97kW),1271,31301,1886,1241,298855.0,3719.0,2634.0,96.819,99.098,104.58,-0.8,0.1,1.8,10,1.4838709677419355,-0.23800959232613905,0.09994026074428075,-0.08402136959689166,-0.25465465465465464
2018-10-17,Cat A (Cars up to 1600cc and 97kW),1674,25556,1811,1672,315863.0,3018.0,3656.0,96.819,99.098,104.58,-0.8,0.1,1.8,10,1.0818399044205496,0.3170731707317074,-0.18354046196607132,-0.03976670201484622,0.347300564061241
2018-10-17,Cat B (Cars above 1600cc or 97kW),1273,31302,1856,1267,298855.0,3719.0,2634.0,96.819,99.098,104.58,-0.8,0.1,1.8,10,1.4579732914375492,-0.23954599761051376,0.2248395680075128,0.024848150193263363,-0.24222488038277512
2018-11-08,Cat B (Cars above 1600cc or 97kW),1265,32302,2142,1262,299690.0,3523.0,2688.0,96.824,98.304,100.937,0.0,-0.8,-3.5,11,1.6932806324110672,-0.00628436763550666,0.03194684045747875,0.15409482758620685,-0.003946329913180779
2018-11-08,Cat A (Cars up to 1600cc and 97kW),1819,28199,2849,1757,315229.0,3238.0,3872.0,96.824,98.304,100.937,0.0,-0.8,-3.5,11,1.566245189664651,0.43794466403162047,-0.12701999876168657,0.3300653594771241,0.3922345483359746
2018-11-21,Cat B (Cars above 1600cc or 97kW),1241,31101,1786,1234,299690.0,3523.0,2688.0,96.824,98.304,100.937,0.0,-0.8,-3.5,11,1.4391619661563255,-0.31775700934579443,0.10291145076066521,-0.3731133731133731,-0.29766647694934545
2018-11-21,Cat A (Cars up to 1600cc and 97kW),1818,25000,2231,1744,315229.0,3238.0,3872.0,96.824,98.304,100.937,0.0,-0.8,-3.5,11,1.2271727172717273,0.46494762288477043,-0.1961673258094595,0.2491601343784995,0.413290113452188
2018-12-05,Cat A (Cars up to 1600cc and 97kW),1878,23568,2177,1878,314694.0,2930.0,3465.0,96.669,98.111,97.274,-0.2,-0.2,-3.6,12,1.1592119275825346,0.03300330033003296,-0.05728,-0.024204392649036288,0.076834862385321
2018-12-05,Cat B (Cars above 1600cc or 97kW),1239,31001,1780,1230,300743.0,3714.0,2661.0,96.669,98.111,97.274,-0.2,-0.2,-3.6,12,1.436642453591606,-0.34025559105431313,0.31538526816021717,-0.18236104731281577,-0.34504792332268375
2018-12-19,Cat A (Cars up to 1600cc and 97kW),1890,25501,2729,1887,314694.0,2930.0,3465.0,96.669,98.111,97.274,-0.2,-0.2,-3.6,12,1.4439153439153438,0.5254237288135593,-0.17741363181832848,0.5331460674157302,0.5341463414634147
2018-12-19,Cat B (Cars above 1600cc or 97kW),1243,31001,1804,1235,300743.0,3714.0,2661.0,96.669,98.111,97.274,-0.2,-0.2,-3.6,12,1.4513274336283186,-0.34232804232804237,0.21567781655621343,-0.3389519970685233,-0.34552199258081606
2019-01-09,Cat A (Cars up to 1600cc and 97kW),1815,25920,2707,1804,315367.0,4111.0,3438.0,95.923,98.055,96.369,-0.8,-0.1,-0.9,1,1.4914600550964188,0.4601769911504425,-0.16389793877616854,0.5005543237250554,0.4607287449392712
2019-01-09,Cat B (Cars above 1600cc or 97kW),1245,32200,1818,1242,302347.0,4138.0,2534.0,95.923,98.055,96.369,-0.8,-0.1,-0.9,1,1.4602409638554217,-0.31404958677685946,0.24228395061728403,-0.3284078315478389,-0.311529933481153
2019-01-23,Cat B (Cars above 1600cc or 97kW),1244,33989,2119,1230,302347.0,4138.0,2534.0,95.923,98.055,96.369,-0.8,-0.1,-0.9,1,1.7033762057877813,-0.0008032128514056103,0.05555900621118015,0.16556655665566566,-0.009661835748792313
2019-01-23,Cat A (Cars up to 1600cc and 97kW),1818,26170,2864,1818,315367.0,4111.0,3438.0,95.923,98.055,96.369,-0.8,-0.1,-0.9,1,1.5753575357535754,0.4614147909967845,-0.2300450145635352,0.3515809344030203,0.47804878048780486
2019-02-08,Cat B (Cars above 1600cc or 97kW),1202,34509,1937,1169,302781.0,2594.0,2160.0,96.834,98.621,96.608,0.9,0.6,0.2,2,1.6114808652246255,-0.33883388338833886,0.31864730607565916,-0.3236731843575419,-0.35698569856985696
2019-02-08,Cat A (Cars up to 1600cc and 97kW),1662,25689,2371,1653,315205.0,2408.0,2570.0,96.834,98.621,96.608,0.9,0.6,0.2,2,1.4265944645006017,0.3826955074875209,-0.25558549943493003,0.22405782137325758,0.4140290846877672
2019-02-20,Cat A (Cars up to 1600cc and 97kW),1650,26301,2261,1650,315205.0,2408.0,2570.0,96.834,98.621,96.608,0.9,0.6,0.2,2,1.3703030303030304,-0.0072202166064981865,0.023823426369263156,-0.046393926613243375,-0.001814882032667886
2019-02-20,Cat B (Cars above 1600cc or 97kW),1214,35403,1993,1213,302781.0,2594.0,2160.0,96.834,98.621,96.608,0.9,0.6,0.2,2,1.64168039538715,-0.2642424242424243,0.34607049161628844,-0.11853162317558608,-0.2648484848484849
2019-03-06,Cat B (Cars above 1600cc or 97kW),1233,36961,1903,1230,303532.0,3642.0,2891.0,97.971,98.892,98.462,1.2,0.3,1.9,3,1.543390105433901,0.01565074135090616,0.04400756997994515,-0.045158053186151514,0.014014839241549781
2019-03-06,Cat A (Cars up to 1600cc and 97kW),1659,26309,2213,1653,315301.0,3573.0,3477.0,97.971,98.892,98.462,1.2,0.3,1.9,3,1.3339361060880048,0.34549878345498786,-0.28819566570168553,0.1629006831318971,0.3439024390243903
2019-03-20,Cat A (Cars up to 1600cc and 97kW),1650,26659,2204,1647,315301.0,3573.0,3477.0,97.971,98.892,98.462,1.2,0.3,1.9,3,1.3357575757575757,-0.005424954792043413,0.01330343228552966,-0.004066877541798464,-0.003629764065335772
2019-03-20,Cat B (Cars above 1600cc or 97kW),1201,39401,1878,1195,303532.0,3642.0,2891.0,97.971,98.892,98.462,1.2,0.3,1.9,3,1.5636969192339716,-0.2721212121212121,0.4779624141940808,-0.147912885662432,-0.2744383727990285
2019-04-03,Cat A (Cars up to 1600cc and 97kW),1656,29159,2338,1650,316497.0,3920.0,2724.0,102.714,101.316,100.91,4.8,2.5,2.5,4,1.4118357487922706,0.3788509575353871,-0.25994264104971954,0.24494142705005317,0.38075313807531375
2019-04-03,Cat B (Cars above 1600cc or 97kW),1202,43102,1782,1202,304058.0,2938.0,2412.0,102.714,101.316,100.91,4.8,2.5,2.5,4,1.4825291181364393,-0.2741545893719807,0.47817140505504296,-0.2378100940975193,-0.2715151515151515
2019-04-17,Cat A (Cars up to 1600cc and 97kW),1653,33199,2249,1603,316497.0,3920.0,2724.0,102.714,101.316,100.91,4.8,2.5,2.5,4,1.3605565638233514,0.375207986688852,-0.22975731984594683,0.2620650953984287,0.33361064891846914
2019-04-17,Cat B (Cars above 1600cc or 97kW),1205,48000,1634,1181,304058.0,2938.0,2412.0,102.714,101.316,100.91,4.8,2.5,2.5,4,1.3560165975103735,-0.2710223835450696,0.4458266815265519,-0.27345486883059134,-0.2632563942607611
2019-05-08,Cat A (Cars up to 1600cc and 97kW),1431,36704,1988,1431,317748.0,3567.0,2316.0,103.231,101.517,102.038,0.5,0.2,1.1,5,1.3892382948986723,0.187551867219917,-0.23533333333333328,0.21664626682986543,0.21168501270110074
2019-05-08,Cat B (Cars above 1600cc or 97kW),1139,48010,1360,1139,304531.0,2738.0,2265.0,103.231,101.517,102.038,0.5,0.2,1.1,5,1.1940298507462686,-0.2040531097134871,0.30803182214472535,-0.31589537223340036,-0.2040531097134871
2019-05-23,Cat B (Cars above 1600cc or 97kW),1163,42564,1407,1161,304531.0,2738.0,2265.0,103.231,101.517,102.038,0.5,0.2,1.1,5,1.2098022355975924,0.021071115013169495,-0.11343470110393672,0.034558823529411864,0.019315188762071944
2019-05-23,Cat A (Cars up to 1600cc and 97kW),1475,27000,1799,1475,317748.0,3567.0,2316.0,103.231,101.517,102.038,0.5,0.2,1.1,5,1.2196610169491526,0.26827171109200343,-0.3656611220749929,0.2786069651741294,0.27045650301464264
2019-06-06,Cat B (Cars above 1600cc or 97kW),1139,39728,1346,1137,305230.0,2961.0,2262.0,99.897,99.765,99.929,-3.2,-1.7,-2.1,6,1.1817383669885866,-0.2277966101694915,0.4714074074074075,-0.2518065591995553,-0.2291525423728814
2019-06-06,Cat A (Cars up to 1600cc and 97kW),1424,30009,1902,1417,318935.0,3188.0,2001.0,99.897,99.765,99.929,-3.2,-1.7,-2.1,6,1.3356741573033708,0.2502194907813873,-0.24463854208618607,0.41307578008915313,0.24626209322779236
2019-06-19,Cat A (Cars up to 1600cc and 97kW),1424,26999,1742,1225,318935.0,3188.0,2001.0,99.897,99.765,99.929,-3.2,-1.7,-2.1,6,1.223314606741573,0.0,-0.10030324236062516,-0.0841219768664564,-0.13549752999294284
2019-06-19,Cat B (Cars above 1600cc or 97kW),1141,35906,1418,1137,305230.0,2961.0,2262.0,99.897,99.765,99.929,-3.2,-1.7,-2.1,6,1.242769500438212,-0.1987359550561798,0.32990110744842394,-0.18599311136624574,-0.07183673469387752
2019-07-03,Cat B (Cars above 1600cc or 97kW),1141,34000,1390,1135,306047.0,3327.0,2510.0,98.902,99.328,99.526,-1.0,-0.4,-0.4,7,1.2182296231375986,0.0,-0.05308305018659831,-0.019746121297602226,-0.0017590149516271136
2019-07-03,Cat A (Cars up to 1600cc and 97kW),1431,28589,1795,1428,320143.0,3658.0,2450.0,98.902,99.328,99.526,-1.0,-0.4,-0.4,7,1.254367575122292,0.2541630148992111,-0.15914705882352942,0.2913669064748201,0.25814977973568287
2019-07-17,Cat A (Cars up to 1600cc and 97kW),1623,26667,1902,1617,320143.0,3658.0,2450.0,98.902,99.328,99.526,-1.0,-0.4,-0.4,7,1.1719038817005545,0.1341719077568133,-0.06722865437755776,0.059610027855153236,0.13235294117647056
2019-07-17,Cat B (Cars above 1600cc or 97kW),1143,39406,1677,1140,306047.0,3327.0,2510.0,98.902,99.328,99.526,-1.0,-0.4,-0.4,7,1.4671916010498687,-0.29574861367837335,0.4777065286683917,-0.1182965299684543,-0.29499072356215217
2019-08-07,Cat A (Cars up to 1600cc and 97kW),1059,32725,2023,1059,320357.0,2390.0,2176.0,101.103,100.437,99.463,2.2,1.1,-0.1,8,1.9102927289896128,-0.07349081364829402,-0.1695427092320967,0.20632081097197386,-0.07105263157894737
2019-08-07,Cat B (Cars above 1600cc or 97kW),1047,40001,1487,1043,306629.0,2705.0,2123.0,101.103,100.437,99.463,2.2,1.1,-0.1,8,1.420248328557784,-0.011331444759206777,0.22233766233766228,-0.26495304003954523,-0.01510859301227574
2019-08-21,Cat A (Cars up to 1600cc and 97kW),1062,31917,1725,1062,320357.0,2390.0,2176.0,101.103,100.437,99.463,2.2,1.1,-0.1,8,1.6242937853107344,0.014326647564469885,-0.2020949476263093,0.160053799596503,0.0182166826462129
2019-08-21,Cat B (Cars above 1600cc or 97kW),1045,38602,1415,1043,306629.0,2705.0,2123.0,101.103,100.437,99.463,2.2,1.1,-0.1,8,1.354066985645933,-0.016007532956685444,0.20944950966569542,-0.17971014492753623,-0.01789077212806023
2019-09-04,Cat B (Cars above 1600cc or 97kW),1046,36001,1289,1040,307530.0,3004.0,2103.0,100.17,99.847,100.412,-0.9,-0.6,1.0,9,1.2323135755258126,0.000956937799043045,-0.06737992850111396,-0.08904593639575975,-0.0028763183125599667
2019-09-04,Cat A (Cars up to 1600cc and 97kW),1056,31783,1656,1056,320778.0,2567.0,2146.0,100.17,99.847,100.412,-0.9,-0.6,1.0,9,1.5681818181818181,0.009560229445506607,-0.11716341212744086,0.2847168347556246,0.01538461538461533
2019-09-18,Cat B (Cars above 1600cc or 97kW),1044,37000,1418,1042,307530.0,3004.0,2103.0,100.17,99.847,100.412,-0.9,-0.6,1.0,9,1.3582375478927202,-0.011363636363636354,0.1641443538998837,-0.143719806763285,-0.013257575757575801
2019-09-18,Cat A (Cars up to 1600cc and 97kW),1056,31759,1453,1053,320778.0,2567.0,2146.0,100.17,99.847,100.412,-0.9,-0.6,1.0,9,1.3759469696969697,0.011494252873563315,-0.14164864864864868,0.024682651622002894,0.01055662188099804
2019-10-09,Cat B (Cars above 1600cc or 97kW),1048,41361,1559,1042,308215.0,2812.0,2127.0,101.653,100.689,101.102,1.5,0.8,0.7,10,1.4875954198473282,-0.007575757575757569,0.3023394943165716,0.07295251204404685,-0.010446343779677125
2019-10-09,Cat A (Cars up to 1600cc and 97kW),1057,34001,1659,1033,320788.0,2202.0,2192.0,101.653,100.689,101.102,1.5,0.8,0.7,10,1.5695364238410596,0.00858778625954204,-0.17794540750948962,0.06414368184733799,-0.008637236084452993
2019-10-23,Cat A (Cars up to 1600cc and 97kW),1060,32309,1467,1056,320788.0,2202.0,2192.0,101.653,100.689,101.102,1.5,0.8,0.7,10,1.3839622641509435,0.002838221381267658,-0.049763242257580664,-0.11573236889692584,0.022265246853823806
2019-10-23,Cat B (Cars above 1600cc or 97kW),1044,41805,1503,1037,308215.0,2812.0,2127.0,101.653,100.689,101.102,1.5,0.8,0.7,10,1.4396551724137931,-0.015094339622641506,0.29391191308923204,0.024539877300613577,-0.0179924242424242
2019-11-06,Cat A (Cars up to 1600cc and 97kW),1043,30000,1302,1031,321092.0,2447.0,2143.0,100.978,100.427,101.891,-0.7,-0.3,0.8,11,1.2483221476510067,-0.0009578544061302763,-0.2823824901327593,-0.1337325349301397,-0.005785920925747368
2019-11-06,Cat B (Cars above 1600cc or 97kW),1017,40009,1296,1016,308711.0,2622.0,2126.0,100.978,100.427,101.891,-0.7,-0.3,0.8,11,1.2743362831858407,-0.024928092042186045,0.3336333333333332,-0.004608294930875556,-0.014548981571290032
2019-11-20,Cat B (Cars above 1600cc or 97kW),1019,39700,1331,1016,308711.0,2622.0,2126.0,100.978,100.427,101.891,-0.7,-0.3,0.8,11,1.3061825318940137,0.001966568338249708,-0.007723262265990183,0.027006172839506126,0.0
2019-11-20,Cat A (Cars up to 1600cc and 97kW),1023,32000,1468,1012,321092.0,2447.0,2143.0,100.978,100.427,101.891,-0.7,-0.3,0.8,11,1.4349951124144673,0.003925417075564264,-0.19395465994962213,0.10293012772351617,-0.003937007874015741
2019-12-04,Cat A (Cars up to 1600cc and 97kW),1030,33009,1386,1013,321103.0,2156.0,2145.0,100.621,101.106,103.289,-0.4,0.7,1.4,12,1.345631067961165,0.006842619745845546,0.03153125000000001,-0.05585831062670299,0.000988142292490224
2019-12-04,Cat B (Cars above 1600cc or 97kW),1013,37900,1265,1003,308991.0,2550.0,2270.0,100.621,101.106,103.289,-0.4,0.7,1.4,12,1.248766041461007,-0.01650485436893201,0.14817171074555424,-0.08730158730158732,-0.009871668311944748
2019-12-18,Cat A (Cars up to 1600cc and 97kW),1029,32889,1256,1013,321103.0,2156.0,2145.0,100.621,101.106,103.289,-0.4,0.7,1.4,12,1.2206025267249756,0.015794669299111552,-0.13221635883905014,-0.007114624505928813,0.009970089730807485
2019-12-18,Cat B (Cars above 1600cc or 97kW),1015,36000,1251,1015,308991.0,2550.0,2270.0,100.621,101.106,103.289,-0.4,0.7,1.4,12,1.2325123152709359,-0.013605442176870763,0.09459089665237608,-0.00398089171974525,0.001974333662388972
2020-01-08,Cat A (Cars up to 1600cc and 97kW),1035,35320,1450,1026,321024.0,2160.0,2239.0,101.27,102.14,103.248,0.6,1.0,0.0,1,1.4009661835748792,0.019704433497536922,-0.018888888888888844,0.15907274180655473,0.010837438423645374
2020-01-08,Cat B (Cars above 1600cc or 97kW),1022,37109,1229,1021,309741.0,2861.0,2111.0,101.27,102.14,103.248,0.6,1.0,0.0,1,1.2025440313111546,-0.01256038647342994,0.05065118912797284,-0.15241379310344827,-0.004873294346978585
2020-01-22,Cat B (Cars above 1600cc or 97kW),1012,37705,1157,1008,309741.0,2861.0,2111.0,101.27,102.14,103.248,0.6,1.0,0.0,1,1.1432806324110671,-0.009784735812133127,0.016060793877495927,-0.058584214808787616,-0.012732615083251742
2020-01-22,Cat A (Cars up to 1600cc and 97kW),1034,35010,1390,1025,321024.0,2160.0,2239.0,101.27,102.14,103.248,0.6,1.0,0.0,1,1.3442940038684719,0.021739130434782705,-0.07147593157406185,0.20138288677614513,0.016865079365079305
2020-02-05,Cat A (Cars up to 1600cc and 97kW),982,30010,1204,977,321274.0,2028.0,1778.0,99.1,100.317,101.208,-2.1,-1.8,-2.0,2,1.2260692464358451,-0.05029013539651839,-0.1428163381890888,-0.13381294964028778,-0.04682926829268297
2020-02-05,Cat B (Cars above 1600cc or 97kW),984,30890,1173,980,310341.0,2630.0,2030.0,99.1,100.317,101.208,-2.1,-1.8,-2.0,2,1.1920731707317074,0.0020366598778003286,0.029323558813728834,-0.02574750830564787,0.003070624360286489
2020-02-19,Cat B (Cars above 1600cc or 97kW),987,32889,1459,978,310341.0,2630.0,2030.0,99.1,100.317,101.208,-2.1,-1.8,-2.0,2,1.4782168186423505,0.0030487804878047697,0.06471349951440586,0.2438192668371697,-0.0020408163265306367
2020-02-19,Cat A (Cars up to 1600cc and 97kW),982,32999,1564,973,321274.0,2028.0,1778.0,99.1,100.317,101.208,-2.1,-1.8,-2.0,2,1.5926680244399185,-0.005065856129685908,0.0033445832953267196,0.07196710075394108,-0.005112474437627856
2020-03-04,Cat B (Cars above 1600cc or 97kW),987,32801,1347,987,310794.0,2732.0,2279.0,98.463,98.972,96.123,-0.6,-1.3,-5.0,3,1.364741641337386,0.005091649694501044,-0.006000181823691664,-0.13874680306905374,0.014388489208633004
2020-03-04,Cat A (Cars up to 1600cc and 97kW),978,32699,1436,973,321127.0,2250.0,2397.0,98.463,98.972,96.123,-0.6,-1.3,-5.0,3,1.4683026584867076,-0.00911854103343468,-0.0031096612908143584,0.06607275426874537,-0.014184397163120588
2020-03-18,Cat B (Cars above 1600cc or 97kW),992,30012,1366,943,310794.0,2732.0,2279.0,98.463,98.972,96.123,-0.6,-1.3,-5.0,3,1.377016129032258,0.014314928425357865,-0.08217376678185873,-0.04874651810584962,-0.03083247687564239
2020-03-18,Cat A (Cars up to 1600cc and 97kW),982,31210,1421,962,321127.0,2250.0,2397.0,98.463,98.972,96.123,-0.6,-1.3,-5.0,3,1.4470468431771895,-0.01008064516129037,0.039917366386778674,0.04026354319180081,0.020148462354188768
2020-07-08,Cat A (Cars up to 1600cc and 97kW),1289,33520,3061,1286,317417.0,1909.0,1697.0,99.782,97.981,89.524,2.2,1.3,0.6,7,2.374709076803724,0.31262729124236244,0.07401473886574816,1.1541168191414495,0.3367983367983367
2020-07-08,Cat B (Cars above 1600cc or 97kW),1291,35889,3160,1260,309164.0,2912.0,1762.0,99.782,97.981,89.524,2.2,1.3,0.6,7,2.447714949651433,0.0015515903801397446,0.07067422434367532,0.03234237177393018,-0.02021772939346811
2020-07-22,Cat A (Cars up to 1600cc and 97kW),1304,32699,2485,1290,317417.0,1909.0,1697.0,99.782,97.981,89.524,2.2,1.3,0.6,7,1.905674846625767,0.010069713400464808,-0.08888517373011229,-0.2136075949367089,0.023809523809523725
2020-07-22,Cat B (Cars above 1600cc or 97kW),1339,35001,2497,1316,309164.0,2912.0,1762.0,99.782,97.981,89.524,2.2,1.3,0.6,7,1.8648244958924571,0.026840490797545913,0.07039970641304016,0.0048289738430582485,0.020155038759689825
2020-08-05,Cat A (Cars up to 1600cc and 97kW),1022,33000,2047,1007,317944.0,2277.0,1750.0,101.553,98.966,89.504,1.8,1.0,0.0,8,2.00293542074364,-0.23674383868558624,-0.05716979514871001,-0.18021625951141373,-0.23480243161094227
2020-08-05,Cat B (Cars above 1600cc or 97kW),932,37102,1985,928,310271.0,2897.0,1790.0,101.553,98.966,89.504,1.8,1.0,0.0,8,2.1298283261802573,-0.0880626223091977,0.12430303030303036,-0.03028822667318032,-0.0784508440913605
2020-08-19,Cat B (Cars above 1600cc or 97kW),923,38802,1727,912,310271.0,2897.0,1790.0,101.553,98.966,89.504,1.8,1.0,0.0,8,1.8710725893824485,-0.00965665236051505,0.04581963236483211,-0.12997481108312348,-0.017241379310344862
2020-08-19,Cat A (Cars up to 1600cc and 97kW),1034,35710,2099,1019,317944.0,2277.0,1750.0,101.553,98.966,89.504,1.8,1.0,0.0,8,2.029980657640232,0.12026002166847238,-0.07968661409205713,0.2154024319629415,0.11732456140350878
2020-09-09,Cat A (Cars up to 1600cc and 97kW),1035,37766,1737,1035,318385.0,1978.0,1537.0,104.417,100.318,89.771,2.8,1.4,0.3,9,1.6782608695652175,0.0009671179883945502,0.05757490898907869,-0.17246307765602664,0.015701668302257055
2020-09-09,Cat B (Cars above 1600cc or 97kW),904,41510,1715,892,311144.0,2578.0,1705.0,104.417,100.318,89.771,2.8,1.4,0.3,9,1.8971238938053097,-0.12657004830917873,0.09913678970502571,-0.012665515256188864,-0.13816425120772946
2020-09-23,Cat B (Cars above 1600cc or 97kW),912,40989,1497,912,311144.0,2578.0,1705.0,104.417,100.318,89.771,2.8,1.4,0.3,9,1.6414473684210527,0.008849557522123908,-0.012551192483738816,-0.12711370262390675,0.022421524663677195
2020-09-23,Cat A (Cars up to 1600cc and 97kW),1034,38504,1540,1031,318385.0,1978.0,1537.0,104.417,100.318,89.771,2.8,1.4,0.3,9,1.4893617021276595,0.13377192982456143,-0.060626021615555414,0.02872411489645965,0.1304824561403508
2020-10-07,Cat A (Cars up to 1600cc and 97kW),912,36534,1272,907,318958.0,2091.0,1518.0,104.018,100.134,89.952,-0.4,-0.2,0.2,10,1.394736842105263,-0.11798839458413923,-0.05116351547891129,-0.17402597402597397,-0.12027158098933077
2020-10-07,Cat B (Cars above 1600cc or 97kW),805,40690,1218,800,312135.0,2650.0,1659.0,104.018,100.134,89.952,-0.4,-0.2,0.2,10,1.5130434782608695,-0.11732456140350878,0.11375704822904686,-0.04245283018867929,-0.11797133406835725
2020-10-21,Cat B (Cars above 1600cc or 97kW),793,40990,1272,793,312135.0,2650.0,1659.0,104.018,100.134,89.952,-0.4,-0.2,0.2,10,1.6040353089533417,-0.014906832298136607,0.007372818874416209,0.044334975369458185,-0.008750000000000036
2020-10-21,Cat A (Cars up to 1600cc and 97kW),916,37334,1323,907,318958.0,2091.0,1518.0,104.018,100.134,89.952,-0.4,-0.2,0.2,10,1.4443231441048034,0.15510718789407307,-0.08919248597218832,0.04009433962264142,0.14375788146279955
2020-11-04,Cat A (Cars up to 1600cc and 97kW),967,35990,1262,952,319271.0,1819.0,1506.0,103.559,100.026,90.171,-0.4,-0.1,0.2,11,1.3050672182006204,0.05567685589519655,-0.03599935715433655,-0.046107331821617525,0.04961411245865488
2020-11-04,Cat B (Cars above 1600cc or 97kW),1013,39000,1415,985,313393.0,2840.0,1582.0,103.559,100.026,90.171,-0.4,-0.1,0.2,11,1.3968410661401778,0.04756980351602902,0.08363434287302018,0.12123613312202863,0.034663865546218586
2020-11-18,Cat B (Cars above 1600cc or 97kW),1007,41101,1559,1006,313393.0,2840.0,1582.0,103.559,100.026,90.171,-0.4,-0.1,0.2,11,1.548162859980139,-0.005923000987166804,0.05387179487179483,0.10176678445229692,0.02131979695431463
2020-11-18,Cat A (Cars up to 1600cc and 97kW),972,37690,1361,966,319271.0,1819.0,1506.0,103.559,100.026,90.171,-0.4,-0.1,0.2,11,1.4002057613168724,-0.0347567030784508,-0.08299068149193445,-0.1270044900577293,-0.03976143141153077
2020-12-09,Cat B (Cars above 1600cc or 97kW),1035,45012,1712,1019,314417.0,2614.0,1590.0,106.766,101.732,91.908,3.1,1.7,1.9,12,1.6541062801932367,0.06481481481481488,0.194269036879809,0.2578986039676707,0.05486542443064191
2020-12-09,Cat A (Cars up to 1600cc and 97kW),978,40714,1620,978,319137.0,1291.0,1425.0,106.766,101.732,91.908,3.1,1.7,1.9,12,1.656441717791411,-0.05507246376811592,-0.09548564827157202,-0.053738317757009324,-0.04023552502453387
2020-12-23,Cat B (Cars above 1600cc or 97kW),1009,49300,1631,998,314417.0,2614.0,1590.0,106.766,101.732,91.908,3.1,1.7,1.9,12,1.6164519326065412,0.0316973415132924,0.21088569042589778,0.006790123456790198,0.020449897750511203
2020-12-23,Cat A (Cars up to 1600cc and 97kW),969,40556,1403,966,319137.0,1291.0,1425.0,106.766,101.732,91.908,3.1,1.7,1.9,12,1.4478844169246645,-0.03964321110009916,-0.17736308316430016,-0.13979153893316987,-0.03206412825651306
2021-01-06,Cat A (Cars up to 1600cc and 97kW),963,40609,1280,962,320206.0,2452.0,1383.0,108.243,102.806,94.286,1.4,1.1,2.6,1,1.3291796469366564,-0.006191950464396245,0.0013068349935891899,-0.08766928011404129,-0.0041407867494823725
2021-01-06,Cat B (Cars above 1600cc or 97kW),1023,49001,1396,1021,315789.0,2799.0,1427.0,108.243,102.806,94.286,1.4,1.1,2.6,1,1.364613880742913,0.06230529595015577,0.20665369745622897,0.09062499999999996,0.06133056133056125
2021-01-20,Cat B (Cars above 1600cc or 97kW),1023,49001,1396,1021,315789.0,2799.0,1427.0,108.243,102.806,94.286,1.4,1.1,2.6,1,1.364613880742913,0.0,0.0,0.0,0.0
2021-01-20,Cat A (Cars up to 1600cc and 97kW),963,40609,1280,962,320206.0,2452.0,1383.0,108.243,102.806,94.286,1.4,1.1,2.6,1,1.3291796469366564,-0.058651026392961825,-0.17126181098344928,-0.08309455587392545,-0.057786483839373126
2021-02-03,Cat B (Cars above 1600cc or 97kW),943,46790,1107,943,316690.0,2099.0,1198.0,107.833,103.381,100.129,-0.4,0.6,6.2,2,1.173913043478261,-0.020768431983385294,0.1522076387007807,-0.13515624999999998,-0.01975051975051978
2021-02-03,Cat A (Cars up to 1600cc and 97kW),885,42000,1098,881,320475.0,1537.0,1268.0,107.833,103.381,100.129,-0.4,0.6,6.2,2,1.240677966101695,-0.06150583244962882,-0.10237230177388335,-0.008130081300813052,-0.0657476139978791
2021-02-17,Cat B (Cars above 1600cc or 97kW),942,46002,1168,938,316690.0,2099.0,1198.0,107.833,103.381,100.129,-0.4,0.6,6.2,2,1.2399150743099787,0.06440677966101704,0.0952857142857142,0.06375227686703089,0.06469920544835417
2021-02-17,Cat A (Cars up to 1600cc and 97kW),903,41001,1226,900,320475.0,1537.0,1268.0,107.833,103.381,100.129,-0.4,0.6,6.2,2,1.3576965669988925,-0.04140127388535031,-0.10871266466675367,0.04965753424657526,-0.04051172707889128
2021-03-03,Cat A (Cars up to 1600cc and 97kW),887,41996,1175,887,320445.0,1888.0,1918.0,108.325,104.564,106.335,0.5,1.1,6.2,3,1.3246899661781286,-0.017718715393133966,0.024267700787785618,-0.0415986949429038,-0.014444444444444482
2021-03-03,Cat B (Cars above 1600cc or 97kW),942,45001,1121,926,317580.0,2694.0,1804.0,108.325,104.564,106.335,0.5,1.1,6.2,3,1.1900212314225054,0.06200676437429542,0.07155443375559578,-0.04595744680851066,0.043968432919955
2021-03-17,Cat B (Cars above 1600cc or 97kW),946,47001,1222,932,317580.0,2694.0,1804.0,108.325,104.564,106.335,0.5,1.1,6.2,3,1.291754756871036,0.00424628450106157,0.04444345681207085,0.09009812667261374,0.00647948164146861
2021-03-17,Cat A (Cars up to 1600cc and 97kW),886,44589,1186,879,320445.0,1888.0,1918.0,108.325,104.564,106.335,0.5,1.1,6.2,3,1.3386004514672687,-0.06342494714587743,-0.05131805706261572,-0.029459901800327315,-0.056866952789699554
2021-04-07,Cat B (Cars above 1600cc or 97kW),958,52309,1524,949,318281.0,2348.0,1647.0,113.415,106.77,106.498,4.7,2.1,0.2,4,1.5908141962421711,0.08126410835214437,0.1731368723227702,0.28499156829679606,0.07963594994311718
2021-04-07,Cat A (Cars up to 1600cc and 97kW),883,45600,1212,880,320521.0,1683.0,1607.0,113.415,106.77,106.498,4.7,2.1,0.2,4,1.3725934314835788,-0.07828810020876831,-0.12825708769045485,-0.20472440944881887,-0.07270811380400422
2021-04-21,Cat B (Cars above 1600cc or 97kW),956,61190,1585,949,318281.0,2348.0,1647.0,113.415,106.77,106.498,4.7,2.1,0.2,4,1.6579497907949792,0.08267270668176674,0.34188596491228074,0.30775577557755773,0.07840909090909087
2021-04-21,Cat A (Cars up to 1600cc and 97kW),890,49640,1290,883,320521.0,1683.0,1607.0,113.415,106.77,106.498,4.7,2.1,0.2,4,1.449438202247191,-0.06903765690376573,-0.18875633273410686,-0.18611987381703465,-0.06954689146469972
2021-05-05,Cat B (Cars above 1600cc or 97kW),819,60001,1244,813,318723.0,2240.0,1798.0,113.926,107.347,108.045,0.5,0.5,1.5,5,1.5189255189255189,-0.07977528089887642,0.2087228041901692,-0.03565891472868221,-0.07927519818799544
2021-05-05,Cat A (Cars up to 1600cc and 97kW),832,48002,1100,803,320168.0,1519.0,1872.0,113.926,107.347,108.045,0.5,0.5,1.5,5,1.3221153846153846,0.015873015873015817,-0.19998000033332775,-0.11575562700964626,-0.012300123001230068
2021-05-19,Cat B (Cars above 1600cc or 97kW),817,58089,1089,817,318723.0,2240.0,1798.0,113.926,107.347,108.045,0.5,0.5,1.5,5,1.3329253365973073,-0.018028846153846145,0.2101370776217657,-0.010000000000000009,0.01743462017434627
2021-05-19,Cat A (Cars up to 1600cc and 97kW),835,41801,1209,834,320168.0,1519.0,1872.0,113.926,107.347,108.045,0.5,0.5,1.5,5,1.4479041916167665,0.022031823745410017,-0.2803973213517189,0.11019283746556474,0.02080783353733162
2021-06-09,Cat B (Cars above 1600cc or 97kW),815,60109,1107,784,319527.0,2484.0,1680.0,114.639,107.426,109.203,0.6,0.1,1.1,6,1.358282208588957,-0.0239520958083832,0.43797995263271217,-0.08436724565756826,-0.05995203836930452
2021-06-09,Cat A (Cars up to 1600cc and 97kW),858,48510,1439,820,320236.0,1932.0,1864.0,114.639,107.426,109.203,0.6,0.1,1.1,6,1.6771561771561772,0.052760736196318936,-0.19296611156399213,0.29990966576332423,0.04591836734693877
2021-06-23,Cat B (Cars above 1600cc or 97kW),809,56032,983,799,319527.0,2484.0,1680.0,114.639,107.426,109.203,0.6,0.1,1.1,6,1.215080346106304,-0.05710955710955712,0.1550608122036694,-0.31688672689367614,-0.025609756097561
2021-06-23,Cat A (Cars up to 1600cc and 97kW),830,47821,1178,823,320236.0,1932.0,1864.0,114.639,107.426,109.203,0.6,0.1,1.1,6,1.419277108433735,0.02595797280593315,-0.14654126213592233,0.19837232960325535,0.030037546933667114
2021-07-07,Cat A (Cars up to 1600cc and 97kW),867,45001,1149,864,320585.0,1598.0,1249.0,113.626,107.386,112.256,-0.9,0.0,2.8,7,1.3252595155709344,0.04457831325301198,-0.05896990861755291,-0.024617996604414216,0.049817739975698716
2021-07-07,Cat B (Cars above 1600cc or 97kW),840,56100,1087,840,320004.0,1809.0,1332.0,113.626,107.386,112.256,-0.9,0.0,2.8,7,1.2940476190476191,-0.03114186851211076,0.24663896357858706,-0.05395996518711921,-0.02777777777777779
2021-07-22,Cat B (Cars above 1600cc or 97kW),819,59501,1107,796,320004.0,1809.0,1332.0,113.626,107.386,112.256,-0.9,0.0,2.8,7,1.3516483516483517,-0.025000000000000022,0.060623885918003495,0.01839926402943881,-0.05238095238095242
2021-07-22,Cat A (Cars up to 1600cc and 97kW),836,47010,1240,832,320585.0,1598.0,1249.0,113.626,107.386,112.256,-0.9,0.0,2.8,7,1.4832535885167464,0.020757020757020683,-0.20992924488664055,0.12014453477868114,0.045226130653266416
2021-08-04,Cat B (Cars above 1600cc or 97kW),771,56001,980,751,320909.0,2241.0,1336.0,113.737,107.214,112.399,0.1,-0.2,0.1,8,1.2710765239948119,-0.0777511961722488,0.19125717932354824,-0.20967741935483875,-0.09735576923076927
2021-08-04,Cat A (Cars up to 1600cc and 97kW),805,45189,1021,804,320580.0,1251.0,1256.0,113.737,107.214,112.399,0.1,-0.2,0.1,8,1.2683229813664596,0.044098573281452724,-0.19306798092891198,0.0418367346938775,0.07057256990679095
2021-08-18,Cat B (Cars above 1600cc or 97kW),794,61001,1065,793,320909.0,2241.0,1336.0,113.737,107.214,112.399,0.1,-0.2,0.1,8,1.3413098236775818,-0.013664596273291973,0.3499081634911152,0.04309500489715967,-0.013681592039801016
2021-08-18,Cat A (Cars up to 1600cc and 97kW),806,46689,1127,806,320580.0,1251.0,1256.0,113.737,107.214,112.399,0.1,-0.2,0.1,8,1.3982630272952854,0.015113350125944613,-0.2346191046048426,0.05821596244131455,0.016393442622950838
2021-09-08,Cat B (Cars above 1600cc or 97kW),791,62600,1080,788,322072.0,2403.0,1240.0,116.962,108.665,112.562,2.8,1.4,0.1,9,1.3653603034134008,-0.018610421836228297,0.340786909122063,-0.041703637976929886,-0.022332506203473934
2021-09-08,Cat A (Cars up to 1600cc and 97kW),804,47000,1124,790,321025.0,1484.0,1039.0,116.962,108.665,112.562,2.8,1.4,0.1,9,1.3980099502487562,0.01643489254108732,-0.24920127795527158,0.040740740740740744,0.002538071065989911
2021-09-22,Cat A (Cars up to 1600cc and 97kW),803,48000,1040,795,321025.0,1484.0,1039.0,116.962,108.665,112.562,2.8,1.4,0.1,9,1.2951432129514322,-0.0012437810945273853,0.02127659574468077,-0.07473309608540923,0.006329113924050667
2021-09-22,Cat B (Cars above 1600cc or 97kW),772,68310,1189,768,322072.0,2403.0,1240.0,116.962,108.665,112.562,2.8,1.4,0.1,9,1.5401554404145077,-0.03860523038605235,0.423125,0.1432692307692307,-0.03396226415094339
