date,category,quota,price,total_bids,success_bids,month,bid_quota_ratio
2002-04-01,Cat A (Cars up to 1600cc and 97kW),1110,37201,2484,1092,4,2.2378378378378376
2002-04-01,Cat B (Cars above 1600cc or 97kW),558,39509,1119,551,4,2.0053763440860215
2002-04-15,Cat A (Cars up to 1600cc and 97kW),1149,36000,1890,1148,4,1.6449086161879896
2002-04-15,Cat B (Cars above 1600cc or 97kW),553,42101,1104,553,4,1.996383363471971
2002-05-01,Cat A (Cars up to 1600cc and 97kW),1128,35000,1705,1127,5,1.5115248226950355
2002-05-01,Cat B (Cars above 1600cc or 97kW),560,40001,1043,518,5,1.8625
2002-05-15,Cat A (Cars up to 1600cc and 97kW),1111,33401,1320,1080,5,1.188118811881188
2002-05-15,Cat B (Cars above 1600cc or 97kW),552,38001,894,541,5,1.6195652173913044
2002-06-01,Cat B (Cars above 1600cc or 97kW),595,33001,885,569,6,1.4873949579831933
2002-06-01,Cat A (Cars up to 1600cc and 97kW),1111,33009,1382,1105,6,1.243924392439244
2002-06-15,Cat B (Cars above 1600cc or 97kW),563,32499,888,554,6,1.5772646536412078
2002-06-15,Cat A (Cars up to 1600cc and 97kW),1141,30281,1382,1133,6,1.2112182296231375
2002-07-01,Cat B (Cars above 1600cc or 97kW),579,31583,946,577,7,1.6338514680483593
2002-07-01,Cat A (Cars up to 1600cc and 97kW),1116,31407,1890,1108,7,1.6935483870967742
2002-07-15,Cat B (Cars above 1600cc or 97kW),561,30008,850,553,7,1.5151515151515151
2002-07-15,Cat A (Cars up to 1600cc and 97kW),1118,30797,1647,1118,7,1.4731663685152057
2002-08-01,Cat B (Cars above 1600cc or 97kW),555,31889,1149,555,8,2.0702702702702704
2002-08-01,Cat A (Cars up to 1600cc and 97kW),1118,30289,1640,1115,8,1.4669051878354205
2002-08-15,Cat A (Cars up to 1600cc and 97kW),1110,31289,1480,1100,8,1.3333333333333333
2002-08-15,Cat B (Cars above 1600cc or 97kW),560,32001,873,543,8,1.5589285714285714
2002-09-01,Cat A (Cars up to 1600cc and 97kW),1113,30501,1337,1108,9,1.20125786163522
2002-09-01,Cat B (Cars above 1600cc or 97kW),553,31617,715,553,9,1.2929475587703436
2002-09-15,Cat B (Cars above 1600cc or 97kW),569,28009,756,569,9,1.328646748681898
2002-09-15,Cat A (Cars up to 1600cc and 97kW),1120,28409,1286,1118,9,1.1482142857142856
2002-10-01,Cat B (Cars above 1600cc or 97kW),553,31795,917,553,10,1.6582278481012658
2002-10-01,Cat A (Cars up to 1600cc and 97kW),1115,31334,1889,1101,10,1.6941704035874439
2002-10-15,Cat A (Cars up to 1600cc and 97kW),1112,30758,1624,1110,10,1.460431654676259
2002-10-15,Cat B (Cars above 1600cc or 97kW),552,30811,850,551,10,1.539855072463768
2002-11-01,Cat A (Cars up to 1600cc and 97kW),1346,29113,1724,1346,11,1.2808320950965824
2002-11-01,Cat B (Cars above 1600cc or 97kW),663,27667,866,663,11,1.306184012066365
2002-11-15,Cat A (Cars up to 1600cc and 97kW),1334,29008,1942,1328,11,1.4557721139430284
2002-11-15,Cat B (Cars above 1600cc or 97kW),663,28001,879,597,11,1.3257918552036199
2002-12-01,Cat B (Cars above 1600cc or 97kW),663,27289,822,619,12,1.239819004524887
2002-12-01,Cat A (Cars up to 1600cc and 97kW),1332,28501,1851,1322,12,1.3896396396396395
2002-12-15,Cat A (Cars up to 1600cc and 97kW),1338,26993,1546,1337,12,1.155455904334828
2002-12-15,Cat B (Cars above 1600cc or 97kW),728,23890,977,728,12,1.342032967032967
2003-01-01,Cat A (Cars up to 1600cc and 97kW),1342,28489,2153,1335,1,1.6043219076005961
2003-01-01,Cat B (Cars above 1600cc or 97kW),707,29099,1128,707,1,1.5954738330975955
2003-01-15,Cat B (Cars above 1600cc or 97kW),662,25028,919,661,1,1.3882175226586102
2003-01-15,Cat A (Cars up to 1600cc and 97kW),1333,26499,1651,1325,1,1.2385596399099774
2003-02-01,Cat B (Cars above 1600cc or 97kW),663,33657,1342,656,2,2.024132730015083
2003-02-01,Cat A (Cars up to 1600cc and 97kW),1339,31003,2405,1339,2,1.796116504854369
2003-02-15,Cat B (Cars above 1600cc or 97kW),663,30699,1148,659,2,1.7315233785822022
2003-02-15,Cat A (Cars up to 1600cc and 97kW),1340,29999,2251,1335,2,1.6798507462686567
2003-03-01,Cat A (Cars up to 1600cc and 97kW),1332,28308,1990,1329,3,1.493993993993994
2003-03-01,Cat B (Cars above 1600cc or 97kW),670,27999,965,663,3,1.4402985074626866
2003-03-15,Cat A (Cars up to 1600cc and 97kW),1337,26999,1923,1333,3,1.4382946896035902
2003-03-15,Cat B (Cars above 1600cc or 97kW),666,26001,944,640,3,1.4174174174174174
2003-04-01,Cat B (Cars above 1600cc or 97kW),919,26601,1790,917,4,1.9477693144722525
2003-04-01,Cat A (Cars up to 1600cc and 97kW),1473,27497,2816,1464,4,1.911744738628649
2003-04-15,Cat B (Cars above 1600cc or 97kW),938,27058,1762,935,4,1.8784648187633262
2003-04-15,Cat A (Cars up to 1600cc and 97kW),1474,28054,2728,1473,4,1.8507462686567164
2003-05-01,Cat B (Cars above 1600cc or 97kW),914,28589,1788,913,5,1.9562363238512035
2003-05-01,Cat A (Cars up to 1600cc and 97kW),1479,29299,3284,1479,5,2.220419202163624
2003-05-15,Cat B (Cars above 1600cc or 97kW),915,31400,1592,913,5,1.7398907103825136
2003-05-15,Cat A (Cars up to 1600cc and 97kW),1471,31095,2621,1463,5,1.7817811012916382
2003-06-01,Cat A (Cars up to 1600cc and 97kW),1470,31799,2388,1469,6,1.6244897959183673
2003-06-01,Cat B (Cars above 1600cc or 97kW),913,31501,1448,908,6,1.5859802847754656
2003-06-15,Cat B (Cars above 1600cc or 97kW),914,31505,1281,908,6,1.4015317286652078
2003-06-15,Cat A (Cars up to 1600cc and 97kW),1478,31440,2267,1471,6,1.53382949932341
2003-07-01,Cat B (Cars above 1600cc or 97kW),917,32779,1359,917,7,1.4820065430752454
2003-07-01,Cat A (Cars up to 1600cc and 97kW),1471,32079,2341,1462,7,1.591434398368457
2003-07-15,Cat B (Cars above 1600cc or 97kW),918,31889,1209,885,7,1.3169934640522876
2003-07-15,Cat A (Cars up to 1600cc and 97kW),1477,31501,1881,1470,7,1.2735274204468516
2003-08-01,Cat B (Cars above 1600cc or 97kW),912,31001,1159,905,8,1.2708333333333333
2003-08-01,Cat A (Cars up to 1600cc and 97kW),1479,30497,1828,1470,8,1.235970250169033
2003-08-15,Cat B (Cars above 1600cc or 97kW),945,29900,1171,942,8,1.2391534391534391
2003-08-15,Cat A (Cars up to 1600cc and 97kW),1477,30989,1773,1474,8,1.200406228842248
2003-09-01,Cat B (Cars above 1600cc or 97kW),919,28001,1163,901,9,1.2655059847660501
2003-09-01,Cat A (Cars up to 1600cc and 97kW),1479,25011,1611,1476,9,1.0892494929006085
2003-09-15,Cat A (Cars up to 1600cc and 97kW),1473,30629,2798,1459,9,1.8995247793618466
2003-09-15,Cat B (Cars above 1600cc or 97kW),915,30048,1344,908,9,1.4688524590163934
2003-10-01,Cat B (Cars above 1600cc or 97kW),1175,28199,1565,1172,10,1.3319148936170213
2003-10-01,Cat A (Cars up to 1600cc and 97kW),1914,28915,3039,1904,10,1.5877742946708464
2003-10-15,Cat A (Cars up to 1600cc and 97kW),1925,28300,2558,1925,10,1.328831168831169
2003-10-15,Cat B (Cars above 1600cc or 97kW),1163,27989,1374,1162,10,1.1814273430782458
2003-11-01,Cat A (Cars up to 1600cc and 97kW),1921,26338,2106,1921,11,1.0963040083289952
2003-11-01,Cat B (Cars above 1600cc or 97kW),1160,26001,1368,1136,11,1.1793103448275861
2003-11-15,Cat A (Cars up to 1600cc and 97kW),1911,26725,2315,1911,11,1.2114076399790685
2003-11-15,Cat B (Cars above 1600cc or 97kW),1157,25481,1344,1157,11,1.1616248919619707
2003-12-01,Cat A (Cars up to 1600cc and 97kW),1911,24401,2020,1903,12,1.0570381998953426
2003-12-01,Cat B (Cars above 1600cc or 97kW),1181,24112,1401,1180,12,1.1862828111769688
2003-12-15,Cat A (Cars up to 1600cc and 97kW),1911,24251,2376,1910,12,1.2433281004709575
2003-12-15,Cat B (Cars above 1600cc or 97kW),1156,22295,1295,1152,12,1.1202422145328719
2004-01-01,Cat B (Cars above 1600cc or 97kW),1158,24293,1516,1158,1,1.309153713298791
2004-01-01,Cat A (Cars up to 1600cc and 97kW),1919,23801,2549,1913,1,1.328295987493486
2004-01-15,Cat B (Cars above 1600cc or 97kW),1160,22002,1468,1154,1,1.2655172413793103
2004-01-15,Cat A (Cars up to 1600cc and 97kW),1912,24001,2616,1898,1,1.3682008368200838
2004-02-01,Cat B (Cars above 1600cc or 97kW),1156,23508,1474,1149,2,1.2750865051903115
2004-02-01,Cat A (Cars up to 1600cc and 97kW),1917,24489,2701,1905,2,1.4089723526343245
2004-02-15,Cat B (Cars above 1600cc or 97kW),1162,22001,1404,1158,2,1.2082616179001722
2004-02-15,Cat A (Cars up to 1600cc and 97kW),1925,24389,2534,1917,2,1.3163636363636364
2004-03-01,Cat A (Cars up to 1600cc and 97kW),1923,24597,2539,1920,3,1.3203328133125325
2004-03-01,Cat B (Cars above 1600cc or 97kW),1163,25699,1516,1147,3,1.3035253654342218
2004-03-15,Cat B (Cars above 1600cc or 97kW),1160,25058,1445,1153,3,1.2456896551724137
2004-03-15,Cat A (Cars up to 1600cc and 97kW),1919,24940,2613,1905,3,1.3616466909848879
2004-04-01,Cat B (Cars above 1600cc or 97kW),949,28001,1350,948,4,1.422550052687039
2004-04-01,Cat A (Cars up to 1600cc and 97kW),1937,26689,3386,1928,4,1.7480640165203924
2004-04-15,Cat A (Cars up to 1600cc and 97kW),1947,27564,3042,1947,4,1.5624036979969183
2004-04-15,Cat B (Cars above 1600cc or 97kW),939,28022,1347,939,4,1.4345047923322685
2004-05-01,Cat A (Cars up to 1600cc and 97kW),1943,27507,2565,1943,5,1.3201235203293875
2004-05-01,Cat B (Cars above 1600cc or 97kW),934,26700,1192,930,5,1.2762312633832977
2004-05-15,Cat A (Cars up to 1600cc and 97kW),1933,27501,2236,1922,5,1.156751163993792
2004-05-15,Cat B (Cars above 1600cc or 97kW),932,27990,1175,932,5,1.2607296137339057
2004-06-01,Cat A (Cars up to 1600cc and 97kW),1934,28798,2722,1927,6,1.407445708376422
2004-06-01,Cat B (Cars above 1600cc or 97kW),937,30300,1374,930,6,1.4663820704375667
2004-06-15,Cat A (Cars up to 1600cc and 97kW),1944,28331,2302,1944,6,1.1841563786008231
2004-06-15,Cat B (Cars above 1600cc or 97kW),932,30400,1217,932,6,1.305793991416309
2004-07-01,Cat A (Cars up to 1600cc and 97kW),1941,27769,2193,1941,7,1.1298299845440494
2004-07-01,Cat B (Cars above 1600cc or 97kW),940,28990,1154,933,7,1.2276595744680852
2004-07-15,Cat A (Cars up to 1600cc and 97kW),1933,27019,2104,1928,7,1.0884635281945163
2004-07-15,Cat B (Cars above 1600cc or 97kW),932,27001,1107,915,7,1.1877682403433476
2004-08-01,Cat B (Cars above 1600cc or 97kW),940,27086,1095,938,8,1.1648936170212767
2004-08-01,Cat A (Cars up to 1600cc and 97kW),1934,26298,2145,1932,8,1.109100310237849
2004-08-15,Cat A (Cars up to 1600cc and 97kW),1938,25797,2237,1932,8,1.154282765737874
2004-08-15,Cat B (Cars above 1600cc or 97kW),949,26301,1065,947,8,1.1222339304531086
2004-09-01,Cat A (Cars up to 1600cc and 97kW),1936,26801,2628,1927,9,1.3574380165289257
2004-09-01,Cat B (Cars above 1600cc or 97kW),934,27799,1214,926,9,1.2997858672376874
2004-09-15,Cat B (Cars above 1600cc or 97kW),934,26101,1129,934,9,1.208779443254818
2004-09-15,Cat A (Cars up to 1600cc and 97kW),1939,24189,2126,1937,9,1.0964414646725116
2004-10-01,Cat B (Cars above 1600cc or 97kW),1145,23001,1505,1145,10,1.314410480349345
2004-10-01,Cat A (Cars up to 1600cc and 97kW),2523,23001,3106,2522,10,1.231074118113357
2004-10-15,Cat B (Cars above 1600cc or 97kW),1137,23005,1434,1137,10,1.2612137203166227
2004-10-15,Cat A (Cars up to 1600cc and 97kW),2515,23784,3805,2514,10,1.5129224652087476
2004-11-01,Cat B (Cars above 1600cc or 97kW),1137,21301,1323,1131,11,1.1635883905013193
2004-11-01,Cat A (Cars up to 1600cc and 97kW),2514,22496,3115,2507,11,1.2390612569610182
2004-11-15,Cat B (Cars above 1600cc or 97kW),1137,20300,1326,1135,11,1.16622691292876
2004-11-15,Cat A (Cars up to 1600cc and 97kW),2514,22001,3095,2507,11,1.2311058074781225
2004-12-01,Cat B (Cars above 1600cc or 97kW),1143,21302,1402,1141,12,1.226596675415573
2004-12-01,Cat A (Cars up to 1600cc and 97kW),2520,22463,3224,2520,12,1.2793650793650793
2004-12-15,Cat A (Cars up to 1600cc and 97kW),2520,20117,2709,2520,12,1.075
2004-12-15,Cat B (Cars above 1600cc or 97kW),1139,18708,1270,1128,12,1.1150131694468832
2005-01-01,Cat A (Cars up to 1600cc and 97kW),2513,18400,2677,2512,1,1.0652606446478312
2005-01-01,Cat B (Cars above 1600cc or 97kW),1139,14002,1311,1139,1,1.1510096575943811
2005-01-15,Cat A (Cars up to 1600cc and 97kW),2513,19501,3793,2508,1,1.509351372861122
2005-01-15,Cat B (Cars above 1600cc or 97kW),1148,19502,1834,1145,1,1.5975609756097562
2005-02-01,Cat A (Cars up to 1600cc and 97kW),2514,18200,3394,2511,2,1.3500397772474144
2005-02-01,Cat B (Cars above 1600cc or 97kW),1137,16533,1450,1137,2,1.2752858399296394
2005-02-15,Cat A (Cars up to 1600cc and 97kW),2518,18159,3140,2511,2,1.2470214455917394
2005-02-15,Cat B (Cars above 1600cc or 97kW),1140,16891,1443,1137,2,1.2657894736842106
2005-03-01,Cat A (Cars up to 1600cc and 97kW),2516,20654,3784,2509,3,1.5039745627980923
2005-03-01,Cat B (Cars above 1600cc or 97kW),1137,21710,1656,1134,3,1.4564643799472297
2005-03-15,Cat A (Cars up to 1600cc and 97kW),2520,18901,3176,2449,3,1.2603174603174603
2005-03-15,Cat B (Cars above 1600cc or 97kW),1140,18001,1355,1133,3,1.1885964912280702
2005-04-01,Cat B (Cars above 1600cc or 97kW),1103,16110,1367,1103,4,1.2393472348141432
2005-04-01,Cat A (Cars up to 1600cc and 97kW),2200,18279,2685,2200,4,1.2204545454545455
2005-04-15,Cat B (Cars above 1600cc or 97kW),1107,17701,1357,1107,4,1.2258355916892503
2005-04-15,Cat A (Cars up to 1600cc and 97kW),2264,18101,2563,2203,4,1.1320671378091873
2005-05-01,Cat B (Cars above 1600cc or 97kW),1100,16508,1339,1087,5,1.2172727272727273
2005-05-01,Cat A (Cars up to 1600cc and 97kW),2193,17398,2594,2185,5,1.1828545371637027
2005-05-15,Cat B (Cars above 1600cc or 97kW),1100,16108,1322,1087,5,1.201818181818182
2005-05-15,Cat A (Cars up to 1600cc and 97kW),2254,16897,2548,2251,5,1.1304347826086956
2005-06-01,Cat B (Cars above 1600cc or 97kW),1113,16002,1346,1099,6,1.2093441150044923
2005-06-01,Cat A (Cars up to 1600cc and 97kW),2201,17481,2873,2174,6,1.3053157655611085
2005-06-15,Cat B (Cars above 1600cc or 97kW),1113,15001,1299,1099,6,1.1671159029649596
2005-06-15,Cat A (Cars up to 1600cc and 97kW),2196,17289,2636,2186,6,1.2003642987249545
2005-07-01,Cat A (Cars up to 1600cc and 97kW),2220,16112,2445,2218,7,1.1013513513513513
2005-07-01,Cat B (Cars above 1600cc or 97kW),1114,15501,1374,1102,7,1.2333931777378815
2005-07-15,Cat B (Cars above 1600cc or 97kW),1114,16501,1414,1113,7,1.2692998204667865
2005-07-15,Cat A (Cars up to 1600cc and 97kW),2203,16500,2758,2197,7,1.2519291874716296
2005-08-01,Cat A (Cars up to 1600cc and 97kW),2195,16502,2843,2194,8,1.2952164009111617
2005-08-01,Cat B (Cars above 1600cc or 97kW),1112,15889,1318,1103,8,1.185251798561151
2005-08-15,Cat A (Cars up to 1600cc and 97kW),2199,16101,2421,2190,8,1.1009549795361528
2005-08-15,Cat B (Cars above 1600cc or 97kW),1101,16303,1412,1093,8,1.2824704813805632
2005-09-01,Cat B (Cars above 1600cc or 97kW),1109,16889,1484,1086,9,1.3381424706943192
2005-09-01,Cat A (Cars up to 1600cc and 97kW),2194,16461,2854,2194,9,1.300820419325433
2005-09-15,Cat B (Cars above 1600cc or 97kW),1108,14808,1270,1106,9,1.1462093862815885
2005-09-15,Cat A (Cars up to 1600cc and 97kW),2202,15309,2428,2179,9,1.1026339691189828
2005-10-01,Cat B (Cars above 1600cc or 97kW),1288,11002,1485,1288,10,1.1529503105590062
2005-10-01,Cat A (Cars up to 1600cc and 97kW),2785,11991,3188,2784,10,1.1447037701974865
2005-10-15,Cat A (Cars up to 1600cc and 97kW),2808,14501,5927,2759,10,2.1107549857549857
2005-10-15,Cat B (Cars above 1600cc or 97kW),1267,14101,2046,1250,10,1.6148382004735595
2005-11-01,Cat B (Cars above 1600cc or 97kW),1265,14751,2086,1263,11,1.64901185770751
2005-11-01,Cat A (Cars up to 1600cc and 97kW),2786,14700,5624,2779,11,2.018664752333094
2005-11-15,Cat B (Cars above 1600cc or 97kW),1282,14897,1692,1276,11,1.3198127925117005
2005-11-15,Cat A (Cars up to 1600cc and 97kW),2834,14001,4781,2761,11,1.687014820042343
2005-12-01,Cat A (Cars up to 1600cc and 97kW),2792,13700,4171,2790,12,1.4939111747851004
2005-12-01,Cat B (Cars above 1600cc or 97kW),1267,13301,1499,1255,12,1.1831097079715864
2005-12-15,Cat B (Cars above 1600cc or 97kW),1271,9001,1386,1261,12,1.0904799370574352
2005-12-15,Cat A (Cars up to 1600cc and 97kW),2858,12081,3309,2858,12,1.1578026592022392
2006-01-01,Cat B (Cars above 1600cc or 97kW),1277,11602,1876,1277,1,1.4690681284259985
2006-01-01,Cat A (Cars up to 1600cc and 97kW),2787,10602,3076,2778,1,1.1036957301758163
2006-01-15,Cat B (Cars above 1600cc or 97kW),1275,9603,1483,1266,1,1.1631372549019607
2006-01-15,Cat A (Cars up to 1600cc and 97kW),2785,8009,3213,2783,1,1.1536804308797128
2006-02-01,Cat A (Cars up to 1600cc and 97kW),2794,10284,5517,2787,2,1.974588403722262
2006-02-01,Cat B (Cars above 1600cc or 97kW),1265,9501,1726,1262,2,1.3644268774703556
2006-02-15,Cat B (Cars above 1600cc or 97kW),1274,10489,1866,1271,2,1.4646781789638932
2006-02-15,Cat A (Cars up to 1600cc and 97kW),2787,10103,5030,2779,2,1.8048080373161106
2006-03-01,Cat B (Cars above 1600cc or 97kW),1268,12555,1926,1268,3,1.5189274447949528
2006-03-01,Cat A (Cars up to 1600cc and 97kW),2792,11199,5001,2786,3,1.791189111747851
2006-03-15,Cat A (Cars up to 1600cc and 97kW),2792,11904,4381,2784,3,1.5691260744985673
2006-03-15,Cat B (Cars above 1600cc or 97kW),1267,13556,1830,1265,3,1.4443567482241515
2006-04-01,Cat B (Cars above 1600cc or 97kW),1084,13402,1420,1079,4,1.3099630996309963
2006-04-01,Cat A (Cars up to 1600cc and 97kW),2222,11901,3183,2215,4,1.4324932493249325
2006-04-15,Cat A (Cars up to 1600cc and 97kW),2225,11901,2762,2220,4,1.2413483146067417
2006-04-15,Cat B (Cars above 1600cc or 97kW),1086,13101,1299,1079,4,1.1961325966850829
2006-05-01,Cat B (Cars above 1600cc or 97kW),1089,11519,1293,1077,5,1.18732782369146
2006-05-01,Cat A (Cars up to 1600cc and 97kW),2223,10003,2426,2222,5,1.0913180386864598
2006-05-15,Cat A (Cars up to 1600cc and 97kW),2222,10100,2473,2222,5,1.112961296129613
2006-05-15,Cat B (Cars above 1600cc or 97kW),1091,11801,1337,1087,5,1.225481209899175
2006-06-01,Cat A (Cars up to 1600cc and 97kW),2217,11202,2688,2217,6,1.212449255751015
2006-06-01,Cat B (Cars above 1600cc or 97kW),1096,12200,1426,1096,6,1.301094890510949
2006-06-15,Cat A (Cars up to 1600cc and 97kW),2217,9301,2393,2213,6,1.0793865584122688
2006-06-15,Cat B (Cars above 1600cc or 97kW),1088,11001,1256,1084,6,1.1544117647058822
2006-07-01,Cat B (Cars above 1600cc or 97kW),1084,10801,1240,1084,7,1.1439114391143912
2006-07-01,Cat A (Cars up to 1600cc and 97kW),2216,10201,2867,2210,7,1.2937725631768953
2006-07-15,Cat B (Cars above 1600cc or 97kW),1089,10600,1332,1089,7,1.2231404958677685
2006-07-15,Cat A (Cars up to 1600cc and 97kW),2221,10803,2776,2213,7,1.24988743809095
2006-08-01,Cat B (Cars above 1600cc or 97kW),1084,12501,1365,1064,8,1.2592250922509225
2006-08-01,Cat A (Cars up to 1600cc and 97kW),2222,11901,3333,2215,8,1.5
2006-08-15,Cat A (Cars up to 1600cc and 97kW),2225,12989,3398,2219,8,1.527191011235955
2006-08-15,Cat B (Cars above 1600cc or 97kW),1085,13890,1406,1084,8,1.295852534562212
2006-09-01,Cat A (Cars up to 1600cc and 97kW),2223,13003,2878,2222,9,1.294646873594242
2006-09-01,Cat B (Cars above 1600cc or 97kW),1104,14701,1448,1101,9,1.3115942028985508
2006-09-15,Cat B (Cars above 1600cc or 97kW),1086,14399,1440,1086,9,1.3259668508287292
2006-09-15,Cat A (Cars up to 1600cc and 97kW),2223,13102,2921,2223,9,1.3139901034637878
2006-10-01,Cat B (Cars above 1600cc or 97kW),1272,12501,1496,1253,10,1.1761006289308176
2006-10-01,Cat A (Cars up to 1600cc and 97kW),2670,12001,2953,2644,10,1.1059925093632959
2006-10-15,Cat B (Cars above 1600cc or 97kW),1269,12989,1530,1269,10,1.2056737588652482
2006-10-15,Cat A (Cars up to 1600cc and 97kW),2669,10510,2761,2669,10,1.0344698388909703
2006-11-01,Cat A (Cars up to 1600cc and 97kW),2695,12979,4013,2693,11,1.4890538033395175
2006-11-01,Cat B (Cars above 1600cc or 97kW),1288,13811,1683,1288,11,1.3066770186335404
2006-11-15,Cat A (Cars up to 1600cc and 97kW),2669,12689,3499,2668,11,1.3109778943424504
2006-11-15,Cat B (Cars above 1600cc or 97kW),1269,14509,1696,1266,11,1.3364854215918045
2006-12-01,Cat B (Cars above 1600cc or 97kW),1269,14389,1521,1267,12,1.198581560283688
2006-12-01,Cat A (Cars up to 1600cc and 97kW),2670,12200,3018,2670,12,1.1303370786516853
2006-12-15,Cat B (Cars above 1600cc or 97kW),1272,12889,1413,1240,12,1.1108490566037736
2006-12-15,Cat A (Cars up to 1600cc and 97kW),2670,9605,2886,2668,12,1.0808988764044944
2007-01-01,Cat A (Cars up to 1600cc and 97kW),2668,11704,3686,2663,1,1.381559220389805
2007-01-01,Cat B (Cars above 1600cc or 97kW),1271,13001,1460,1268,1,1.1487018095987411
2007-01-15,Cat B (Cars above 1600cc or 97kW),1301,12000,1446,1298,1,1.1114527286702536
2007-01-15,Cat A (Cars up to 1600cc and 97kW),2671,11881,3155,2670,1,1.1812055409958817
2007-02-01,Cat B (Cars above 1600cc or 97kW),1272,12152,1449,1267,2,1.1391509433962264
2007-02-01,Cat A (Cars up to 1600cc and 97kW),2673,11489,3005,2654,2,1.124205013093902
2007-02-15,Cat A (Cars up to 1600cc and 97kW),2670,5200,2823,2670,2,1.057303370786517
2007-02-15,Cat B (Cars above 1600cc or 97kW),1272,6002,1382,1269,2,1.0864779874213837
2007-03-01,Cat B (Cars above 1600cc or 97kW),1274,13502,2248,1250,3,1.7645211930926217
2007-03-01,Cat A (Cars up to 1600cc and 97kW),2687,12602,5296,2680,3,1.9709713435057685
2007-03-15,Cat B (Cars above 1600cc or 97kW),1272,14652,1840,1266,3,1.4465408805031446
2007-03-15,Cat A (Cars up to 1600cc and 97kW),2669,13504,4752,2659,3,1.7804421131509929
2007-04-01,Cat B (Cars above 1600cc or 97kW),1149,14889,1720,1149,4,1.4969538729329852
2007-04-01,Cat A (Cars up to 1600cc and 97kW),2165,14000,3691,2161,4,1.704849884526559
2007-04-15,Cat A (Cars up to 1600cc and 97kW),2168,14601,3327,2168,4,1.5345940959409594
2007-04-15,Cat B (Cars above 1600cc or 97kW),1130,15989,1587,1127,4,1.404424778761062
2007-05-01,Cat A (Cars up to 1600cc and 97kW),2163,16159,3449,2163,5,1.5945446139620898
2007-05-01,Cat B (Cars above 1600cc or 97kW),1125,17879,1811,1118,5,1.6097777777777778
2007-05-15,Cat B (Cars above 1600cc or 97kW),1127,18900,1679,1105,5,1.489795918367347
2007-05-15,Cat A (Cars up to 1600cc and 97kW),2158,17010,2825,2147,5,1.309082483781279
2007-06-01,Cat B (Cars above 1600cc or 97kW),1132,19802,1679,1114,6,1.4832155477031803
2007-06-01,Cat A (Cars up to 1600cc and 97kW),2159,16181,2441,2159,6,1.1306160259379343
2007-06-15,Cat B (Cars above 1600cc or 97kW),1146,18891,1460,1137,6,1.2739965095986039
2007-06-15,Cat A (Cars up to 1600cc and 97kW),2169,15591,2489,2119,6,1.1475334255417242
2007-07-01,Cat B (Cars above 1600cc or 97kW),1143,17399,1364,1143,7,1.1933508311461067
2007-07-01,Cat A (Cars up to 1600cc and 97kW),2159,14801,2480,2150,7,1.1486799444187124
2007-07-15,Cat B (Cars above 1600cc or 97kW),1133,17602,1393,1133,7,1.2294792586054721
2007-07-15,Cat A (Cars up to 1600cc and 97kW),2208,16000,2678,2177,7,1.2128623188405796
2007-08-01,Cat B (Cars above 1600cc or 97kW),1125,18001,1458,1114,8,1.296
2007-08-01,Cat A (Cars up to 1600cc and 97kW),2168,17001,2632,2018,8,1.2140221402214022
2007-08-15,Cat A (Cars up to 1600cc and 97kW),2189,8118,2315,2188,8,1.057560529922339
2007-08-15,Cat B (Cars above 1600cc or 97kW),1124,16010,1288,1124,8,1.1459074733096086
2007-09-01,Cat A (Cars up to 1600cc and 97kW),2309,17999,3753,2303,9,1.6253789519272412
2007-09-01,Cat B (Cars above 1600cc or 97kW),1136,18200,1594,1136,9,1.403169014084507
2007-09-15,Cat A (Cars up to 1600cc and 97kW),2159,17941,3055,2159,9,1.4150069476609541
2007-09-15,Cat B (Cars above 1600cc or 97kW),1125,19589,1581,1117,9,1.4053333333333333
2007-10-01,Cat A (Cars up to 1600cc and 97kW),2165,16999,2604,2160,10,1.202771362586605
2007-10-01,Cat B (Cars above 1600cc or 97kW),1125,17102,1409,1125,10,1.2524444444444445
2007-10-15,Cat A (Cars up to 1600cc and 97kW),2158,12401,2472,2158,10,1.1455050973123262
2007-10-15,Cat B (Cars above 1600cc or 97kW),1133,17589,1370,1132,10,1.209179170344219
2007-11-01,Cat A (Cars up to 1600cc and 97kW),2164,16839,3040,2149,11,1.4048059149722736
2007-11-01,Cat B (Cars above 1600cc or 97kW),1125,18001,1438,1087,11,1.2782222222222221
2007-11-15,Cat B (Cars above 1600cc or 97kW),1126,16401,1339,1126,11,1.189165186500888
2007-11-15,Cat A (Cars up to 1600cc and 97kW),2158,14404,2450,2154,11,1.1353104726598702
2007-12-01,Cat B (Cars above 1600cc or 97kW),1163,13114,1334,1116,12,1.1470335339638864
2007-12-01,Cat A (Cars up to 1600cc and 97kW),2174,12001,2373,2171,12,1.091536338546458
2007-12-15,Cat B (Cars above 1600cc or 97kW),1125,15802,1578,1106,12,1.4026666666666667
2007-12-15,Cat A (Cars up to 1600cc and 97kW),2162,14001,2588,2089,12,1.1970397779833488
2008-01-09,Cat A (Cars up to 1600cc and 97kW),2162,14052,2553,2154,1,1.1808510638297873
2008-01-09,Cat B (Cars above 1600cc or 97kW),1172,15989,1556,1164,1,1.3276450511945392
2008-01-23,Cat B (Cars above 1600cc or 97kW),1144,13289,1328,1144,1,1.1608391608391608
2008-01-23,Cat A (Cars up to 1600cc and 97kW),2231,12001,2611,2098,1,1.1703272075302555
2008-02-05,Cat A (Cars up to 1600cc and 97kW),2167,12002,3005,2155,2,1.3867097369635442
2008-02-05,Cat B (Cars above 1600cc or 97kW),1133,13209,1454,1133,2,1.2833186231244484
2008-02-20,Cat B (Cars above 1600cc or 97kW),1125,15510,1632,1120,2,1.4506666666666668
2008-02-20,Cat A (Cars up to 1600cc and 97kW),2291,12856,2923,2288,2,1.2758620689655173
2008-03-05,Cat B (Cars above 1600cc or 97kW),1125,18000,1499,1092,3,1.3324444444444445
2008-03-05,Cat A (Cars up to 1600cc and 97kW),2171,14351,2727,2164,3,1.256103178258867
2008-03-19,Cat B (Cars above 1600cc or 97kW),1130,19001,1387,1110,3,1.227433628318584
2008-03-19,Cat A (Cars up to 1600cc and 97kW),2161,15389,2474,2161,3,1.1448403516890329
2008-04-09,Cat B (Cars above 1600cc or 97kW),1132,19501,1382,1130,4,1.2208480565371025
2008-04-09,Cat A (Cars up to 1600cc and 97kW),2043,16930,2570,2026,4,1.2579539892315224
2008-04-23,Cat A (Cars up to 1600cc and 97kW),2036,15600,2197,2009,4,1.0790766208251474
2008-04-23,Cat B (Cars above 1600cc or 97kW),1119,17510,1324,1118,4,1.1831992850759607
2008-05-07,Cat A (Cars up to 1600cc and 97kW),2053,11009,2211,2051,5,1.0769605455431077
2008-05-07,Cat B (Cars above 1600cc or 97kW),1101,15889,1230,1075,5,1.11716621253406
2008-05-22,Cat A (Cars up to 1600cc and 97kW),2063,15701,2824,2062,5,1.3688802714493455
2008-05-22,Cat B (Cars above 1600cc or 97kW),1100,17113,1396,1100,5,1.269090909090909
2008-06-04,Cat A (Cars up to 1600cc and 97kW),2038,14590,2500,2038,6,1.2266928361138372
2008-06-04,Cat B (Cars above 1600cc or 97kW),1125,14640,1282,1125,6,1.1395555555555557
2008-06-18,Cat B (Cars above 1600cc or 97kW),1099,14689,1280,1099,6,1.1646951774340308
2008-06-18,Cat A (Cars up to 1600cc and 97kW),2037,14101,2319,2024,6,1.138438880706922
2008-07-09,Cat B (Cars above 1600cc or 97kW),1099,15501,1383,1094,7,1.2584167424931756
2008-07-09,Cat A (Cars up to 1600cc and 97kW),2036,14685,2463,2036,7,1.2097249508840864
2008-07-23,Cat B (Cars above 1600cc or 97kW),1099,14235,1307,1099,7,1.18926296633303
2008-07-23,Cat A (Cars up to 1600cc and 97kW),2048,14101,2464,2047,7,1.203125
2008-08-06,Cat B (Cars above 1600cc or 97kW),1104,12889,1253,1104,8,1.1349637681159421
2008-08-06,Cat A (Cars up to 1600cc and 97kW),2035,12501,2267,2032,8,1.114004914004914
2008-08-20,Cat A (Cars up to 1600cc and 97kW),2036,13289,2318,2036,8,1.1385068762278978
2008-08-20,Cat B (Cars above 1600cc or 97kW),1099,13890,1362,1071,8,1.2393084622383985
2008-09-03,Cat A (Cars up to 1600cc and 97kW),2038,9501,2172,2022,9,1.0657507360157017
2008-09-03,Cat B (Cars above 1600cc or 97kW),1099,13389,1195,1066,9,1.0873521383075524
2008-09-17,Cat A (Cars up to 1600cc and 97kW),2035,14100,2765,2029,9,1.3587223587223587
2008-09-17,Cat B (Cars above 1600cc or 97kW),1127,13301,1288,1126,9,1.1428571428571428
2008-10-08,Cat B (Cars above 1600cc or 97kW),1132,14400,1338,1132,10,1.1819787985865724
2008-10-08,Cat A (Cars up to 1600cc and 97kW),1856,13801,2320,1848,10,1.25
2008-10-22,Cat B (Cars above 1600cc or 97kW),1100,7589,1302,1099,10,1.1836363636363636
2008-10-22,Cat A (Cars up to 1600cc and 97kW),1846,10989,2149,1835,10,1.1641386782231853
2008-11-05,Cat A (Cars up to 1600cc and 97kW),1848,10455,2049,1848,11,1.1087662337662338
2008-11-05,Cat B (Cars above 1600cc or 97kW),1099,8301,1216,1098,11,1.1064604185623295
2008-11-19,Cat A (Cars up to 1600cc and 97kW),1851,2,1852,1840,11,1.0005402485143167
2008-11-19,Cat B (Cars above 1600cc or 97kW),1100,4889,1181,1097,11,1.0736363636363637
2008-12-03,Cat B (Cars above 1600cc or 97kW),1100,6501,1411,1099,12,1.2827272727272727
2008-12-03,Cat A (Cars up to 1600cc and 97kW),1840,7721,3149,1840,12,1.7114130434782608
2008-12-17,Cat A (Cars up to 1600cc and 97kW),1851,6200,2788,1851,12,1.5062128579146408
2008-12-17,Cat B (Cars above 1600cc or 97kW),1102,2656,1318,1102,12,1.1960072595281306
2009-01-07,Cat A (Cars up to 1600cc and 97kW),1839,5001,2541,1784,1,1.3817292006525286
2009-01-07,Cat B (Cars above 1600cc or 97kW),1100,3089,1332,1100,1,1.210909090909091
2009-01-21,Cat A (Cars up to 1600cc and 97kW),1839,2693,2109,1832,1,1.1468189233278956
2009-01-21,Cat B (Cars above 1600cc or 97kW),1099,200,1179,1097,1,1.0727934485896269
2009-02-04,Cat A (Cars up to 1600cc and 97kW),1894,1020,2077,1894,2,1.0966209081309397
2009-02-04,Cat B (Cars above 1600cc or 97kW),1099,689,1231,1097,2,1.1201091901728844
2009-02-18,Cat B (Cars above 1600cc or 97kW),1101,4889,1675,1090,2,1.5213442325158946
2009-02-18,Cat A (Cars up to 1600cc and 97kW),1846,4460,2722,1842,2,1.4745395449620802
2009-03-04,Cat B (Cars above 1600cc or 97kW),1101,5101,1346,1100,3,1.2225249772933697
2009-03-04,Cat A (Cars up to 1600cc and 97kW),1839,4890,2376,1839,3,1.2920065252854813
2009-03-18,Cat A (Cars up to 1600cc and 97kW),1843,5116,2202,1843,3,1.1947911014650028
2009-03-18,Cat B (Cars above 1600cc or 97kW),1110,5001,1359,1101,3,1.2243243243243243
2009-04-08,Cat A (Cars up to 1600cc and 97kW),1396,7090,2026,1396,4,1.4512893982808024
2009-04-08,Cat B (Cars above 1600cc or 97kW),761,7501,1036,707,4,1.3613666228646517
2009-04-22,Cat A (Cars up to 1600cc and 97kW),1396,7589,1906,1390,4,1.3653295128939829
2009-04-22,Cat B (Cars above 1600cc or 97kW),769,7490,1001,755,4,1.3016905071521456
2009-05-06,Cat B (Cars above 1600cc or 97kW),814,7552,1021,814,5,1.2542997542997543
2009-05-06,Cat A (Cars up to 1600cc and 97kW),1396,8489,2037,1391,5,1.4591690544412608
2009-05-20,Cat A (Cars up to 1600cc and 97kW),1402,9889,1999,1383,5,1.4258202567760343
2009-05-20,Cat B (Cars above 1600cc or 97kW),774,9180,1051,774,5,1.3578811369509043
2009-06-03,Cat B (Cars above 1600cc or 97kW),760,11889,1131,740,6,1.4881578947368421
2009-06-03,Cat A (Cars up to 1600cc and 97kW),1401,11690,1967,1391,6,1.4039971448965025
2009-06-17,Cat B (Cars above 1600cc or 97kW),760,14840,1066,758,6,1.4026315789473685
2009-06-17,Cat A (Cars up to 1600cc and 97kW),1415,12899,1735,1402,6,1.226148409893993
2009-07-08,Cat B (Cars above 1600cc or 97kW),780,16801,1052,778,7,1.3487179487179488
2009-07-08,Cat A (Cars up to 1600cc and 97kW),1405,14310,1655,1405,7,1.1779359430604983
2009-07-22,Cat B (Cars above 1600cc or 97kW),762,18501,992,737,7,1.3018372703412073
2009-07-22,Cat A (Cars up to 1600cc and 97kW),1408,15291,1603,1408,7,1.1384943181818181
2009-08-05,Cat A (Cars up to 1600cc and 97kW),1395,13658,1558,1395,8,1.1168458781362007
2009-08-05,Cat B (Cars above 1600cc or 97kW),762,18890,934,755,8,1.2257217847769029
2009-08-19,Cat B (Cars above 1600cc or 97kW),785,16290,889,784,8,1.132484076433121
2009-08-19,Cat A (Cars up to 1600cc and 97kW),1395,15019,1567,1387,8,1.1232974910394264
2009-09-09,Cat A (Cars up to 1600cc and 97kW),1395,18020,1844,1391,9,1.3218637992831541
2009-09-09,Cat B (Cars above 1600cc or 97kW),767,19289,1003,767,9,1.3076923076923077
2009-09-24,Cat B (Cars above 1600cc or 97kW),761,19801,914,758,9,1.2010512483574245
2009-09-24,Cat A (Cars up to 1600cc and 97kW),1403,15589,1527,1400,9,1.0883820384889522
2009-10-07,Cat A (Cars up to 1600cc and 97kW),1151,16201,1392,1072,10,1.2093831450912251
2009-10-07,Cat B (Cars above 1600cc or 97kW),685,18109,816,666,10,1.1912408759124087
2009-10-21,Cat A (Cars up to 1600cc and 97kW),1149,18899,1544,1149,10,1.3437771975630983
2009-10-21,Cat B (Cars above 1600cc or 97kW),688,19510,832,686,10,1.2093023255813953
2009-11-04,Cat A (Cars up to 1600cc and 97kW),1226,16747,1395,1222,11,1.1378466557911908
2009-11-04,Cat B (Cars above 1600cc or 97kW),704,18389,779,697,11,1.1065340909090908
2009-11-18,Cat A (Cars up to 1600cc and 97kW),1146,17189,1261,1142,11,1.100349040139616
2009-11-18,Cat B (Cars above 1600cc or 97kW),687,18002,797,675,11,1.1601164483260553
2009-12-09,Cat B (Cars above 1600cc or 97kW),692,19003,857,690,12,1.2384393063583814
2009-12-09,Cat A (Cars up to 1600cc and 97kW),1151,18502,1658,1146,12,1.4404865334491745
2009-12-23,Cat B (Cars above 1600cc or 97kW),697,17889,816,665,12,1.170731707317073
2009-12-23,Cat A (Cars up to 1600cc and 97kW),1150,18150,1465,1145,12,1.2739130434782608
2010-01-06,Cat B (Cars above 1600cc or 97kW),687,19190,883,679,1,1.2852983988355167
2010-01-06,Cat A (Cars up to 1600cc and 97kW),1152,18502,1342,1145,1,1.1649305555555556
2010-01-20,Cat B (Cars above 1600cc or 97kW),717,22400,1105,717,1,1.5411436541143655
2010-01-20,Cat A (Cars up to 1600cc and 97kW),1151,20501,1673,1149,1,1.4535186794092094
2010-02-03,Cat B (Cars above 1600cc or 97kW),693,23180,930,690,2,1.341991341991342
2010-02-03,Cat A (Cars up to 1600cc and 97kW),1154,19989,1326,1153,2,1.149046793760832
2010-02-24,Cat B (Cars above 1600cc or 97kW),685,23889,956,658,2,1.3956204379562043
2010-02-24,Cat A (Cars up to 1600cc and 97kW),1148,20340,1493,1148,2,1.3005226480836236
2010-03-10,Cat B (Cars above 1600cc or 97kW),688,26389,1087,667,3,1.5799418604651163
2010-03-10,Cat A (Cars up to 1600cc and 97kW),1148,20802,1758,1141,3,1.5313588850174216
2010-03-24,Cat A (Cars up to 1600cc and 97kW),1146,28389,2183,1137,3,1.9048865619546247
2010-03-24,Cat B (Cars above 1600cc or 97kW),711,36089,1207,699,3,1.6976090014064698
2010-04-07,Cat B (Cars above 1600cc or 97kW),571,45501,858,571,4,1.5026269702276707
2010-04-07,Cat A (Cars up to 1600cc and 97kW),705,34001,1379,597,4,1.9560283687943263
2010-04-21,Cat A (Cars up to 1600cc and 97kW),706,30000,1242,704,4,1.7592067988668556
2010-04-21,Cat B (Cars above 1600cc or 97kW),561,40001,896,549,4,1.5971479500891266
2010-05-05,Cat A (Cars up to 1600cc and 97kW),806,26102,1294,798,5,1.6054590570719602
2010-05-05,Cat B (Cars above 1600cc or 97kW),550,38000,869,547,5,1.58
2010-05-19,Cat B (Cars above 1600cc or 97kW),561,34600,715,553,5,1.2745098039215685
2010-05-19,Cat A (Cars up to 1600cc and 97kW),699,27389,1036,697,5,1.4821173104434906
2010-06-09,Cat A (Cars up to 1600cc and 97kW),706,30051,1107,704,6,1.5679886685552409
2010-06-09,Cat B (Cars above 1600cc or 97kW),553,40002,779,546,6,1.4086799276672695
2010-06-23,Cat A (Cars up to 1600cc and 97kW),699,31510,902,697,6,1.290414878397711
2010-06-23,Cat B (Cars above 1600cc or 97kW),557,39911,720,554,6,1.2926391382405744
2010-07-07,Cat A (Cars up to 1600cc and 97kW),700,29501,893,676,7,1.2757142857142858
2010-07-07,Cat B (Cars above 1600cc or 97kW),557,35909,671,557,7,1.2046678635547576
2010-07-21,Cat A (Cars up to 1600cc and 97kW),699,36162,967,691,7,1.3834048640915593
2010-07-21,Cat B (Cars above 1600cc or 97kW),552,42889,890,548,7,1.6123188405797102
2010-08-04,Cat B (Cars above 1600cc or 97kW),479,43334,662,479,8,1.3820459290187892
2010-08-04,Cat A (Cars up to 1600cc and 97kW),622,32104,786,589,8,1.2636655948553055
2010-08-18,Cat A (Cars up to 1600cc and 97kW),606,29000,975,606,8,1.608910891089109
2010-08-18,Cat B (Cars above 1600cc or 97kW),482,42810,683,472,8,1.4170124481327802
2010-09-08,Cat B (Cars above 1600cc or 97kW),479,44129,757,479,9,1.5803757828810021
2010-09-08,Cat A (Cars up to 1600cc and 97kW),631,33089,775,628,9,1.2282091917591125
2010-09-22,Cat A (Cars up to 1600cc and 97kW),597,30001,993,547,9,1.6633165829145728
2010-09-22,Cat B (Cars above 1600cc or 97kW),488,42501,648,488,9,1.3278688524590163
2010-10-06,Cat A (Cars up to 1600cc and 97kW),601,33132,722,601,10,1.2013311148086523
2010-10-06,Cat B (Cars above 1600cc or 97kW),479,42801,630,476,10,1.3152400835073068
2010-10-20,Cat A (Cars up to 1600cc and 97kW),647,32415,817,647,10,1.2627511591962906
2010-10-20,Cat B (Cars above 1600cc or 97kW),479,44600,766,478,10,1.5991649269311066
2010-11-03,Cat B (Cars above 1600cc or 97kW),482,45501,718,482,11,1.4896265560165975
2010-11-03,Cat A (Cars up to 1600cc and 97kW),598,34001,843,598,11,1.4096989966555185
2010-11-18,Cat B (Cars above 1600cc or 97kW),480,47890,709,459,11,1.4770833333333333
2010-11-18,Cat A (Cars up to 1600cc and 97kW),597,39000,833,577,11,1.3953098827470687
2010-12-08,Cat B (Cars above 1600cc or 97kW),479,62502,1034,477,12,2.1586638830897704
2010-12-08,Cat A (Cars up to 1600cc and 97kW),598,47604,1020,582,12,1.705685618729097
2010-12-22,Cat A (Cars up to 1600cc and 97kW),617,46129,755,607,12,1.2236628849270665
2010-12-22,Cat B (Cars above 1600cc or 97kW),499,72001,872,494,12,1.74749498997996
2011-01-05,Cat A (Cars up to 1600cc and 97kW),614,38889,1192,602,1,1.9413680781758957
2011-01-05,Cat B (Cars above 1600cc or 97kW),481,69000,790,474,1,1.6424116424116424
2011-01-19,Cat A (Cars up to 1600cc and 97kW),607,40123,1091,606,1,1.7973640856672157
2011-01-19,Cat B (Cars above 1600cc or 97kW),483,58910,700,482,1,1.4492753623188406
2011-02-09,Cat A (Cars up to 1600cc and 97kW),523,37124,1146,501,2,2.191204588910134
2011-02-09,Cat B (Cars above 1600cc or 97kW),431,53400,640,431,2,1.4849187935034802
2011-02-23,Cat B (Cars above 1600cc or 97kW),424,62000,726,423,2,1.7122641509433962
2011-02-23,Cat A (Cars up to 1600cc and 97kW),511,42999,788,494,2,1.5420743639921721
2011-03-09,Cat B (Cars above 1600cc or 97kW),424,61894,667,423,3,1.5731132075471699
2011-03-09,Cat A (Cars up to 1600cc and 97kW),532,42600,875,530,3,1.644736842105263
2011-03-23,Cat A (Cars up to 1600cc and 97kW),527,43813,927,472,3,1.7590132827324478
2011-03-23,Cat B (Cars above 1600cc or 97kW),424,57002,579,424,3,1.365566037735849
2011-04-06,Cat B (Cars above 1600cc or 97kW),425,55001,542,410,4,1.275294117647059
2011-04-06,Cat A (Cars up to 1600cc and 97kW),512,43212,813,511,4,1.587890625
2011-04-20,Cat B (Cars above 1600cc or 97kW),423,56801,627,422,4,1.4822695035460993
2011-04-20,Cat A (Cars up to 1600cc and 97kW),565,44000,964,552,4,1.7061946902654868
2011-05-05,Cat B (Cars above 1600cc or 97kW),439,56011,650,439,5,1.4806378132118452
2011-05-05,Cat A (Cars up to 1600cc and 97kW),511,44790,944,511,5,1.847358121330724
2011-05-19,Cat B (Cars above 1600cc or 97kW),424,56300,564,424,5,1.330188679245283
2011-05-19,Cat A (Cars up to 1600cc and 97kW),523,46989,760,521,5,1.4531548757170172
2011-06-08,Cat B (Cars above 1600cc or 97kW),424,63000,759,403,6,1.7900943396226414
2011-06-08,Cat A (Cars up to 1600cc and 97kW),510,53390,880,506,6,1.7254901960784315
2011-06-22,Cat B (Cars above 1600cc or 97kW),423,67700,684,410,6,1.6170212765957446
2011-06-22,Cat A (Cars up to 1600cc and 97kW),512,50244,715,512,6,1.396484375
2011-07-06,Cat A (Cars up to 1600cc and 97kW),514,55989,839,497,7,1.632295719844358
2011-07-06,Cat B (Cars above 1600cc or 97kW),445,68501,728,444,7,1.6359550561797753
2011-07-20,Cat A (Cars up to 1600cc and 97kW),510,56002,776,501,7,1.5215686274509803
2011-07-20,Cat B (Cars above 1600cc or 97kW),436,72501,626,436,7,1.4357798165137614
2011-08-03,Cat A (Cars up to 1600cc and 97kW),566,48801,1034,566,8,1.8268551236749118
2011-08-03,Cat B (Cars above 1600cc or 97kW),354,70890,469,349,8,1.3248587570621468
2011-08-17,Cat A (Cars up to 1600cc and 97kW),557,49301,927,557,8,1.6642728904847397
2011-08-17,Cat B (Cars above 1600cc or 97kW),353,65521,527,353,8,1.4929178470254958
2011-09-07,Cat B (Cars above 1600cc or 97kW),359,63002,496,356,9,1.3816155988857939
2011-09-07,Cat A (Cars up to 1600cc and 97kW),548,51000,794,547,9,1.448905109489051
2011-09-21,Cat A (Cars up to 1600cc and 97kW),548,48006,951,531,9,1.7354014598540146
2011-09-21,Cat B (Cars above 1600cc or 97kW),353,64889,469,353,9,1.3286118980169972
2011-10-05,Cat B (Cars above 1600cc or 97kW),356,63600,524,353,10,1.4719101123595506
2011-10-05,Cat A (Cars up to 1600cc and 97kW),549,50289,793,549,10,1.4444444444444444
2011-10-19,Cat A (Cars up to 1600cc and 97kW),565,56112,873,554,10,1.545132743362832
2011-10-19,Cat B (Cars above 1600cc or 97kW),353,75889,633,353,10,1.793201133144476
2011-11-10,Cat A (Cars up to 1600cc and 97kW),548,55997,766,547,11,1.397810218978102
2011-11-10,Cat B (Cars above 1600cc or 97kW),356,77000,551,355,11,1.547752808988764
2011-11-23,Cat A (Cars up to 1600cc and 97kW),559,54887,756,541,11,1.3524150268336315
2011-11-23,Cat B (Cars above 1600cc or 97kW),353,77340,518,338,11,1.4674220963172804
2011-12-07,Cat A (Cars up to 1600cc and 97kW),549,52392,781,543,12,1.4225865209471766
2011-12-07,Cat B (Cars above 1600cc or 97kW),354,72350,474,351,12,1.3389830508474576
2011-12-21,Cat B (Cars above 1600cc or 97kW),368,70003,464,368,12,1.2608695652173914
2011-12-21,Cat A (Cars up to 1600cc and 97kW),566,50001,878,457,12,1.5512367491166077
2012-01-05,Cat B (Cars above 1600cc or 97kW),356,65801,511,356,1,1.4353932584269662
2012-01-05,Cat A (Cars up to 1600cc and 97kW),554,46889,901,554,1,1.6263537906137184
2012-01-18,Cat B (Cars above 1600cc or 97kW),353,67889,537,351,1,1.5212464589235128
2012-01-18,Cat A (Cars up to 1600cc and 97kW),657,48112,903,652,1,1.3744292237442923
2012-02-08,Cat A (Cars up to 1600cc and 97kW),619,52809,1058,571,2,1.7092084006462036
2012-02-08,Cat B (Cars above 1600cc or 97kW),350,73890,635,346,2,1.8142857142857143
2012-02-22,Cat A (Cars up to 1600cc and 97kW),624,57009,1017,607,2,1.6298076923076923
2012-02-22,Cat B (Cars above 1600cc or 97kW),351,78189,580,348,2,1.6524216524216524
2012-03-07,Cat A (Cars up to 1600cc and 97kW),667,56551,912,649,3,1.3673163418290855
2012-03-07,Cat B (Cars above 1600cc or 97kW),354,79304,626,352,3,1.768361581920904
2012-03-21,Cat A (Cars up to 1600cc and 97kW),636,56501,1067,626,3,1.6776729559748427
2012-03-21,Cat B (Cars above 1600cc or 97kW),352,82003,529,352,3,1.5028409090909092
2012-04-04,Cat B (Cars above 1600cc or 97kW),352,83700,483,348,4,1.3721590909090908
2012-04-04,Cat A (Cars up to 1600cc and 97kW),637,58501,960,615,4,1.5070643642072215
2012-04-18,Cat A (Cars up to 1600cc and 97kW),629,64201,1011,618,4,1.6073131955484896
2012-04-18,Cat B (Cars above 1600cc or 97kW),349,91000,563,349,4,1.6131805157593124
2012-05-09,Cat B (Cars above 1600cc or 97kW),354,92050,545,354,5,1.53954802259887
2012-05-09,Cat A (Cars up to 1600cc and 97kW),641,62600,822,593,5,1.282371294851794
2012-05-23,Cat B (Cars above 1600cc or 97kW),349,85216,482,349,5,1.3810888252148996
2012-05-23,Cat A (Cars up to 1600cc and 97kW),630,58001,945,617,5,1.5
2012-06-06,Cat B (Cars above 1600cc or 97kW),350,83000,490,342,6,1.4
2012-06-06,Cat A (Cars up to 1600cc and 97kW),668,59003,1004,647,6,1.5029940119760479
2012-06-20,Cat B (Cars above 1600cc or 97kW),349,85400,477,346,6,1.3667621776504297
2012-06-20,Cat A (Cars up to 1600cc and 97kW),633,59004,920,577,6,1.4533965244865719
2012-07-04,Cat A (Cars up to 1600cc and 97kW),641,59421,872,613,7,1.360374414976599
2012-07-04,Cat B (Cars above 1600cc or 97kW),358,82289,459,358,7,1.282122905027933
2012-07-18,Cat B (Cars above 1600cc or 97kW),353,90501,549,352,7,1.5552407932011332
2012-07-18,Cat A (Cars up to 1600cc and 97kW),676,68656,911,669,7,1.3476331360946745
2012-08-08,Cat A (Cars up to 1600cc and 97kW),421,73501,724,415,8,1.7197149643705463
2012-08-08,Cat B (Cars above 1600cc or 97kW),350,94502,489,345,8,1.3971428571428572
2012-08-23,Cat B (Cars above 1600cc or 97kW),351,88002,532,351,8,1.5156695156695157
2012-08-23,Cat A (Cars up to 1600cc and 97kW),400,66889,530,391,8,1.325
2012-09-05,Cat A (Cars up to 1600cc and 97kW),399,68000,518,391,9,1.2982456140350878
2012-09-05,Cat B (Cars above 1600cc or 97kW),355,80191,466,355,9,1.3126760563380282
2012-09-19,Cat A (Cars up to 1600cc and 97kW),402,63000,486,402,9,1.208955223880597
2012-09-19,Cat B (Cars above 1600cc or 97kW),351,88500,523,349,9,1.4900284900284901
2012-10-03,Cat B (Cars above 1600cc or 97kW),350,80001,414,350,10,1.1828571428571428
2012-10-03,Cat A (Cars up to 1600cc and 97kW),401,69000,506,399,10,1.2618453865336658
2012-10-17,Cat B (Cars above 1600cc or 97kW),353,85801,540,353,10,1.5297450424929178
2012-10-17,Cat A (Cars up to 1600cc and 97kW),393,71001,509,390,10,1.2951653944020356
2012-11-07,Cat A (Cars up to 1600cc and 97kW),395,77201,621,393,11,1.5721518987341772
2012-11-07,Cat B (Cars above 1600cc or 97kW),350,92400,573,350,11,1.6371428571428572
2012-11-21,Cat A (Cars up to 1600cc and 97kW),396,77291,540,393,11,1.3636363636363635
2012-11-21,Cat B (Cars above 1600cc or 97kW),351,93004,487,342,11,1.3874643874643875
2012-12-05,Cat A (Cars up to 1600cc and 97kW),395,78523,482,378,12,1.220253164556962
2012-12-05,Cat B (Cars above 1600cc or 97kW),350,90200,493,337,12,1.4085714285714286
2012-12-19,Cat A (Cars up to 1600cc and 97kW),395,81889,499,378,12,1.2632911392405064
2012-12-19,Cat B (Cars above 1600cc or 97kW),360,93501,478,360,12,1.3277777777777777
2013-01-09,Cat B (Cars above 1600cc or 97kW),363,96210,470,363,1,1.2947658402203857
2013-01-09,Cat A (Cars up to 1600cc and 97kW),410,92100,555,409,1,1.353658536585366
2013-01-23,Cat B (Cars above 1600cc or 97kW),351,95501,452,351,1,1.2877492877492878
2013-01-23,Cat A (Cars up to 1600cc and 97kW),409,91010,489,409,1,1.19559902200489
2013-02-06,Cat B (Cars above 1600cc or 97kW),302,92901,431,278,2,1.4271523178807948
2013-02-06,Cat A (Cars up to 1600cc and 97kW),335,87109,418,333,2,1.2477611940298508
2013-02-20,Cat A (Cars up to 1600cc and 97kW),333,78301,427,329,2,1.2822822822822824
2013-02-20,Cat B (Cars above 1600cc or 97kW),303,92667,409,299,2,1.3498349834983498
2013-03-13,Cat A (Cars up to 1600cc and 97kW),336,74689,1180,329,3,3.511904761904762
2013-03-13,Cat B (Cars above 1600cc or 97kW),326,58090,1028,326,3,3.1533742331288344
2013-03-27,Cat B (Cars above 1600cc or 97kW),307,73900,940,300,3,3.0618892508143323
2013-03-27,Cat A (Cars up to 1600cc and 97kW),337,64209,923,337,3,2.7388724035608307
2013-04-10,Cat A (Cars up to 1600cc and 97kW),341,61029,966,339,4,2.832844574780059
2013-04-10,Cat B (Cars above 1600cc or 97kW),302,67010,835,287,4,2.7649006622516556
2013-04-24,Cat A (Cars up to 1600cc and 97kW),333,62497,993,333,4,2.981981981981982
2013-04-24,Cat B (Cars above 1600cc or 97kW),310,62000,683,281,4,2.203225806451613
2013-05-08,Cat A (Cars up to 1600cc and 97kW),336,62999,912,329,5,2.7142857142857144
2013-05-08,Cat B (Cars above 1600cc or 97kW),317,61700,601,317,5,1.8958990536277602
2013-05-22,Cat A (Cars up to 1600cc and 97kW),333,64839,888,324,5,2.6666666666666665
2013-05-22,Cat B (Cars above 1600cc or 97kW),332,67304,749,329,5,2.2560240963855422
2013-06-05,Cat B (Cars above 1600cc or 97kW),302,75000,732,274,6,2.423841059602649
2013-06-05,Cat A (Cars up to 1600cc and 97kW),341,67301,855,336,6,2.5073313782991202
2013-06-19,Cat A (Cars up to 1600cc and 97kW),342,69903,788,341,6,2.304093567251462
2013-06-19,Cat B (Cars above 1600cc or 97kW),305,81751,734,304,6,2.40655737704918
2013-07-03,Cat A (Cars up to 1600cc and 97kW),338,73100,716,328,7,2.1183431952662723
2013-07-03,Cat B (Cars above 1600cc or 97kW),331,77110,652,325,7,1.9697885196374623
2013-07-17,Cat B (Cars above 1600cc or 97kW),303,76389,574,301,7,1.8943894389438944
2013-07-17,Cat A (Cars up to 1600cc and 97kW),334,73989,621,332,7,1.8592814371257484
2013-08-07,Cat A (Cars up to 1600cc and 97kW),373,75556,754,371,8,2.0214477211796247
2013-08-07,Cat B (Cars above 1600cc or 97kW),380,77600,682,373,8,1.7947368421052632
2013-08-21,Cat B (Cars above 1600cc or 97kW),375,76607,627,371,8,1.672
2013-08-21,Cat A (Cars up to 1600cc and 97kW),366,76223,596,360,8,1.6284153005464481
2013-09-04,Cat B (Cars above 1600cc or 97kW),381,77100,623,378,9,1.6351706036745406
2013-09-04,Cat A (Cars up to 1600cc and 97kW),366,77304,609,365,9,1.6639344262295082
2013-09-18,Cat B (Cars above 1600cc or 97kW),377,86239,703,368,9,1.8647214854111407
2013-09-18,Cat A (Cars up to 1600cc and 97kW),370,83751,654,361,9,1.7675675675675675
2013-10-09,Cat A (Cars up to 1600cc and 97kW),365,85000,615,361,10,1.6849315068493151
2013-10-09,Cat B (Cars above 1600cc or 97kW),376,93500,649,373,10,1.726063829787234
2013-10-23,Cat A (Cars up to 1600cc and 97kW),373,76889,596,373,10,1.5978552278820375
2013-10-23,Cat B (Cars above 1600cc or 97kW),382,87910,515,376,10,1.3481675392670156
2013-11-06,Cat A (Cars up to 1600cc and 97kW),368,72609,590,368,11,1.6032608695652173
2013-11-06,Cat B (Cars above 1600cc or 97kW),376,84578,482,376,11,1.2819148936170213
2013-11-20,Cat B (Cars above 1600cc or 97kW),379,79300,536,375,11,1.4142480211081794
2013-11-20,Cat A (Cars up to 1600cc and 97kW),364,74991,650,361,11,1.7857142857142858
2013-12-04,Cat A (Cars up to 1600cc and 97kW),364,73160,591,364,12,1.6236263736263736
2013-12-04,Cat B (Cars above 1600cc or 97kW),373,73010,549,360,12,1.4718498659517427
2013-12-18,Cat B (Cars above 1600cc or 97kW),377,75700,500,357,12,1.3262599469496021
2013-12-18,Cat A (Cars up to 1600cc and 97kW),367,74002,574,363,12,1.564032697547684
2014-01-08,Cat A (Cars up to 1600cc and 97kW),364,72369,623,361,1,1.7115384615384615
2014-01-08,Cat B (Cars above 1600cc or 97kW),386,78700,581,377,1,1.505181347150259
2014-01-22,Cat A (Cars up to 1600cc and 97kW),368,72290,724,364,1,1.9673913043478262
2014-01-22,Cat B (Cars above 1600cc or 97kW),393,79000,512,388,1,1.3027989821882953
2014-02-05,Cat A (Cars up to 1600cc and 97kW),362,71564,719,356,2,1.9861878453038675
2014-02-05,Cat B (Cars above 1600cc or 97kW),360,75300,523,360,2,1.4527777777777777
2014-02-19,Cat A (Cars up to 1600cc and 97kW),362,77201,700,358,2,1.9337016574585635
2014-02-19,Cat B (Cars above 1600cc or 97kW),355,78604,519,353,2,1.4619718309859155
2014-03-05,Cat A (Cars up to 1600cc and 97kW),365,76999,615,356,3,1.6849315068493151
2014-03-05,Cat B (Cars above 1600cc or 97kW),350,80710,499,337,3,1.4257142857142857
2014-03-19,Cat B (Cars above 1600cc or 97kW),353,82900,524,352,3,1.4844192634560907
2014-03-19,Cat A (Cars up to 1600cc and 97kW),362,78602,577,360,3,1.5939226519337018
2014-04-09,Cat A (Cars up to 1600cc and 97kW),367,77400,537,360,4,1.4632152588555858
2014-04-09,Cat B (Cars above 1600cc or 97kW),363,84504,523,363,4,1.440771349862259
2014-04-23,Cat B (Cars above 1600cc or 97kW),351,75010,486,349,4,1.3846153846153846
2014-04-23,Cat A (Cars up to 1600cc and 97kW),361,71335,513,357,4,1.4210526315789473
2014-05-07,Cat B (Cars above 1600cc or 97kW),483,70002,778,472,5,1.6107660455486543
2014-05-07,Cat A (Cars up to 1600cc and 97kW),513,60002,676,512,5,1.3177387914230019
2014-05-21,Cat B (Cars above 1600cc or 97kW),484,68103,716,477,5,1.4793388429752066
2014-05-21,Cat A (Cars up to 1600cc and 97kW),509,65689,997,506,5,1.9587426326129667
2014-06-04,Cat B (Cars above 1600cc or 97kW),494,67304,807,484,6,1.6336032388663968
2014-06-04,Cat A (Cars up to 1600cc and 97kW),507,63190,1040,499,6,2.051282051282051
2014-06-18,Cat A (Cars up to 1600cc and 97kW),509,61899,1040,506,6,2.043222003929273
2014-06-18,Cat B (Cars above 1600cc or 97kW),490,65700,716,475,6,1.4612244897959183
2014-07-09,Cat A (Cars up to 1600cc and 97kW),513,61990,1075,511,7,2.0955165692007798
2014-07-09,Cat B (Cars above 1600cc or 97kW),493,64889,812,491,7,1.6470588235294117
2014-07-23,Cat A (Cars up to 1600cc and 97kW),509,62890,1190,505,7,2.337917485265226
2014-07-23,Cat B (Cars above 1600cc or 97kW),498,65001,850,497,7,1.7068273092369477
2014-08-06,Cat A (Cars up to 1600cc and 97kW),574,64600,1086,574,8,1.89198606271777
2014-08-06,Cat B (Cars above 1600cc or 97kW),507,68689,1090,501,8,2.1499013806706113
2014-08-20,Cat A (Cars up to 1600cc and 97kW),575,65710,994,574,8,1.728695652173913
2014-08-20,Cat B (Cars above 1600cc or 97kW),506,72990,1137,502,8,2.2470355731225298
2014-09-03,Cat B (Cars above 1600cc or 97kW),511,73010,909,511,9,1.7788649706457926
2014-09-03,Cat A (Cars up to 1600cc and 97kW),572,64841,813,568,9,1.4213286713286712
2014-09-17,Cat B (Cars above 1600cc or 97kW),509,71990,785,507,9,1.5422396856581533
2014-09-17,Cat A (Cars up to 1600cc and 97kW),573,62000,792,573,9,1.382198952879581
2014-10-09,Cat B (Cars above 1600cc or 97kW),505,72180,852,501,10,1.687128712871287
2014-10-09,Cat A (Cars up to 1600cc and 97kW),575,63880,1097,570,10,1.9078260869565218
2014-10-23,Cat B (Cars above 1600cc or 97kW),507,72002,822,506,10,1.621301775147929
2014-10-23,Cat A (Cars up to 1600cc and 97kW),572,63990,1092,569,10,1.9090909090909092
2014-11-05,Cat B (Cars above 1600cc or 97kW),574,70890,832,559,11,1.4494773519163764
2014-11-05,Cat A (Cars up to 1600cc and 97kW),703,64900,1196,692,11,1.701280227596017
2014-11-19,Cat A (Cars up to 1600cc and 97kW),701,67889,1144,694,11,1.6319543509272467
2014-11-19,Cat B (Cars above 1600cc or 97kW),570,72890,900,560,11,1.5789473684210527
2014-12-03,Cat A (Cars up to 1600cc and 97kW),709,67089,996,703,12,1.4047954866008463
2014-12-03,Cat B (Cars above 1600cc or 97kW),584,74389,873,582,12,1.49486301369863
2014-12-17,Cat A (Cars up to 1600cc and 97kW),705,65889,868,699,12,1.2312056737588652
2014-12-17,Cat B (Cars above 1600cc or 97kW),579,74000,755,572,12,1.3039723661485318
2015-01-07,Cat A (Cars up to 1600cc and 97kW),704,66010,940,698,1,1.3352272727272727
2015-01-07,Cat B (Cars above 1600cc or 97kW),571,75289,833,570,1,1.458844133099825
2015-01-21,Cat A (Cars up to 1600cc and 97kW),705,65001,1068,703,1,1.5148936170212766
2015-01-21,Cat B (Cars above 1600cc or 97kW),576,76889,915,576,1,1.5885416666666667
2015-02-04,Cat A (Cars up to 1600cc and 97kW),992,62002,1295,991,2,1.3054435483870968
2015-02-04,Cat B (Cars above 1600cc or 97kW),724,70890,959,723,2,1.324585635359116
2015-02-17,Cat A (Cars up to 1600cc and 97kW),988,57199,1294,988,2,1.3097165991902835
2015-02-17,Cat B (Cars above 1600cc or 97kW),722,66751,1037,721,2,1.4362880886426592
2015-03-04,Cat A (Cars up to 1600cc and 97kW),987,61410,2120,986,3,2.1479229989868287
2015-03-04,Cat B (Cars above 1600cc or 97kW),723,68668,1239,723,3,1.7136929460580912
2015-03-18,Cat A (Cars up to 1600cc and 97kW),987,64700,2251,987,3,2.2806484295845997
2015-03-18,Cat B (Cars above 1600cc or 97kW),723,71889,1354,717,3,1.8727524204702628
2015-04-08,Cat A (Cars up to 1600cc and 97kW),988,67749,2340,970,4,2.3684210526315788
2015-04-08,Cat B (Cars above 1600cc or 97kW),722,76612,1661,716,4,2.3005540166204987
2015-04-22,Cat A (Cars up to 1600cc and 97kW),987,67601,2055,979,4,2.082066869300912
2015-04-22,Cat B (Cars above 1600cc or 97kW),728,78001,1525,708,4,2.09478021978022
2015-05-06,Cat A (Cars up to 1600cc and 97kW),1444,68589,2891,1438,5,2.00207756232687
2015-05-06,Cat B (Cars above 1600cc or 97kW),934,77600,1631,934,5,1.746252676659529
2015-05-20,Cat A (Cars up to 1600cc and 97kW),1434,66590,2351,1431,5,1.6394700139470013
2015-05-20,Cat B (Cars above 1600cc or 97kW),948,75002,1401,948,5,1.4778481012658229
2015-06-04,Cat A (Cars up to 1600cc and 97kW),1432,66000,1943,1393,6,1.3568435754189945
2015-06-04,Cat B (Cars above 1600cc or 97kW),929,75000,1384,923,6,1.4897739504843919
2015-06-17,Cat B (Cars above 1600cc or 97kW),928,71509,1144,926,6,1.2327586206896552
2015-06-17,Cat A (Cars up to 1600cc and 97kW),1429,61000,1766,1421,6,1.2358292512246327
2015-07-08,Cat B (Cars above 1600cc or 97kW),934,65501,1225,933,7,1.3115631691648821
2015-07-08,Cat A (Cars up to 1600cc and 97kW),1466,58700,1891,1464,7,1.2899045020463846
2015-07-22,Cat B (Cars above 1600cc or 97kW),930,58109,1218,929,7,1.3096774193548386
2015-07-22,Cat A (Cars up to 1600cc and 97kW),1435,55889,1966,1365,7,1.370034843205575
2015-08-05,Cat A (Cars up to 1600cc and 97kW),1688,56209,2446,1687,8,1.4490521327014219
2015-08-05,Cat B (Cars above 1600cc or 97kW),1057,60789,1634,1054,8,1.5458845789971618
2015-08-19,Cat A (Cars up to 1600cc and 97kW),1756,57498,2597,1756,8,1.4789293849658314
2015-08-19,Cat B (Cars above 1600cc or 97kW),1058,62140,1551,1056,8,1.4659735349716445
2015-09-09,Cat B (Cars above 1600cc or 97kW),1059,62101,1628,1058,9,1.5372993389990557
2015-09-09,Cat A (Cars up to 1600cc and 97kW),1688,57089,2553,1688,9,1.5124407582938388
2015-09-23,Cat B (Cars above 1600cc or 97kW),1058,60001,1371,1041,9,1.2958412098298677
2015-09-23,Cat A (Cars up to 1600cc and 97kW),1687,55399,2276,1684,9,1.3491404860699467
2015-10-07,Cat A (Cars up to 1600cc and 97kW),1687,56001,2210,1679,10,1.3100177830468287
2015-10-07,Cat B (Cars above 1600cc or 97kW),1057,58190,1373,1044,10,1.2989593188268684
2015-10-21,Cat A (Cars up to 1600cc and 97kW),1690,57301,2229,1684,10,1.3189349112426036
2015-10-21,Cat B (Cars above 1600cc or 97kW),1073,59889,1367,1069,10,1.2739981360671015
2015-11-04,Cat A (Cars up to 1600cc and 97kW),1664,56001,2009,1623,11,1.2073317307692308
2015-11-04,Cat B (Cars above 1600cc or 97kW),1037,57501,1267,1031,11,1.2217936354869816
2015-11-18,Cat A (Cars up to 1600cc and 97kW),1662,59200,2140,1650,11,1.2876052948255114
2015-11-18,Cat B (Cars above 1600cc or 97kW),1029,61103,1388,1026,11,1.3488824101069
2015-12-09,Cat A (Cars up to 1600cc and 97kW),1698,56989,2132,1696,12,1.2555948174322733
2015-12-09,Cat B (Cars above 1600cc or 97kW),1031,60001,1324,1028,12,1.2841901066925314
2015-12-23,Cat B (Cars above 1600cc or 97kW),1027,55001,1200,1025,12,1.1684518013631937
2015-12-23,Cat A (Cars up to 1600cc and 97kW),1669,54301,1978,1667,12,1.1851408028759736
2016-01-06,Cat B (Cars above 1600cc or 97kW),1027,54920,1262,1019,1,1.2288218111002922
2016-01-06,Cat A (Cars up to 1600cc and 97kW),1659,45002,2013,1649,1,1.213381555153707
2016-01-20,Cat A (Cars up to 1600cc and 97kW),1659,51301,3437,1638,1,2.071729957805907
2016-01-20,Cat B (Cars above 1600cc or 97kW),1026,50089,1334,1026,1,1.3001949317738792
2016-02-03,Cat A (Cars up to 1600cc and 97kW),2038,46651,2972,2033,2,1.4582924435721296
2016-02-03,Cat B (Cars above 1600cc or 97kW),1216,38610,1624,1216,2,1.3355263157894737
2016-02-17,Cat A (Cars up to 1600cc and 97kW),2049,43000,2965,2025,2,1.4470473401659345
2016-02-17,Cat B (Cars above 1600cc or 97kW),1208,46970,2898,1197,2,2.3990066225165565
2016-03-09,Cat A (Cars up to 1600cc and 97kW),2033,45000,3518,1957,3,1.7304476143630103
2016-03-09,Cat B (Cars above 1600cc or 97kW),1209,47604,2706,1200,3,2.238213399503722
2016-03-23,Cat A (Cars up to 1600cc and 97kW),2053,45504,3836,2020,3,1.868485143692158
2016-03-23,Cat B (Cars above 1600cc or 97kW),1220,46502,2491,1218,3,2.0418032786885245
2016-04-06,Cat A (Cars up to 1600cc and 97kW),2105,46009,3719,2103,4,1.7667458432304037
2016-04-06,Cat B (Cars above 1600cc or 97kW),1218,47000,2247,1218,4,1.8448275862068966
2016-04-20,Cat A (Cars up to 1600cc and 97kW),2062,47300,3327,2061,4,1.6134820562560621
2016-04-20,Cat B (Cars above 1600cc or 97kW),1211,49602,2364,1136,4,1.9521056977704376
2016-05-05,Cat A (Cars up to 1600cc and 97kW),2218,47889,3446,2217,5,1.5536519386834986
2016-05-05,Cat B (Cars above 1600cc or 97kW),1462,51010,2435,1454,5,1.6655266757865936
2016-05-18,Cat B (Cars above 1600cc or 97kW),1537,49156,2322,1536,5,1.5107351984385167
2016-05-18,Cat A (Cars up to 1600cc and 97kW),2217,47020,3227,2182,5,1.455570590888588
2016-06-08,Cat B (Cars above 1600cc or 97kW),1470,56000,3436,1463,6,2.3374149659863948
2016-06-08,Cat A (Cars up to 1600cc and 97kW),2218,53694,4545,2213,6,2.0491433724075745
2016-06-22,Cat B (Cars above 1600cc or 97kW),1463,57010,2914,1462,6,1.9917976760082023
2016-06-22,Cat A (Cars up to 1600cc and 97kW),2252,55200,3957,2197,6,1.7571047957371226
2016-07-07,Cat B (Cars above 1600cc or 97kW),1469,56089,2547,1469,7,1.7338325391422738
2016-07-07,Cat A (Cars up to 1600cc and 97kW),2222,52301,3194,2212,7,1.4374437443744374
2016-07-20,Cat A (Cars up to 1600cc and 97kW),2272,53000,3195,2246,7,1.40625
2016-07-20,Cat B (Cars above 1600cc or 97kW),1463,57508,2439,1463,7,1.6671223513328777
2016-08-03,Cat B (Cars above 1600cc or 97kW),1336,57903,2156,1300,8,1.6137724550898203
2016-08-03,Cat A (Cars up to 1600cc and 97kW),2018,52503,2712,1959,8,1.3439048562933598
2016-08-17,Cat B (Cars above 1600cc or 97kW),1336,56500,2088,1334,8,1.562874251497006
2016-08-17,Cat A (Cars up to 1600cc and 97kW),2034,53334,2803,2034,8,1.3780727630285152
2016-09-07,Cat A (Cars up to 1600cc and 97kW),2067,51506,2739,2011,9,1.3251088534107403
2016-09-07,Cat B (Cars above 1600cc or 97kW),1372,57002,2183,1358,9,1.5911078717201166
2016-09-21,Cat A (Cars up to 1600cc and 97kW),2008,50000,2610,1993,9,1.299800796812749
2016-09-21,Cat B (Cars above 1600cc or 97kW),1338,55501,2017,1334,9,1.507473841554559
2016-10-05,Cat B (Cars above 1600cc or 97kW),1350,53001,1785,1246,10,1.3222222222222222
2016-10-05,Cat A (Cars up to 1600cc and 97kW),2064,51507,2938,1979,10,1.4234496124031009
2016-10-19,Cat B (Cars above 1600cc or 97kW),1340,56410,1768,1329,10,1.319402985074627
2016-10-19,Cat A (Cars up to 1600cc and 97kW),2023,50991,2584,2021,10,1.2773109243697478
2016-11-09,Cat B (Cars above 1600cc or 97kW),1347,56206,2012,1345,11,1.493689680772086
2016-11-09,Cat A (Cars up to 1600cc and 97kW),1929,52668,2800,1929,11,1.4515292897874545
2016-11-23,Cat B (Cars above 1600cc or 97kW),1254,53001,1708,1253,11,1.3620414673046253
2016-11-23,Cat A (Cars up to 1600cc and 97kW),1846,50951,2536,1846,11,1.3737811484290356
2016-12-07,Cat B (Cars above 1600cc or 97kW),1245,46229,1494,1237,12,1.2
2016-12-07,Cat A (Cars up to 1600cc and 97kW),1844,48000,2335,1812,12,1.2662689804772234
2016-12-21,Cat B (Cars above 1600cc or 97kW),1244,51109,2052,1242,12,1.6495176848874598
2016-12-21,Cat A (Cars up to 1600cc and 97kW),1844,49751,2554,1843,12,1.3850325379609545
2017-01-05,Cat B (Cars above 1600cc or 97kW),1252,53106,1835,1243,1,1.4656549520766773
2017-01-05,Cat A (Cars up to 1600cc and 97kW),1877,50101,2260,1870,1,1.2040490143846563
2017-01-18,Cat B (Cars above 1600cc or 97kW),1246,52807,1967,1226,1,1.5786516853932584
2017-01-18,Cat A (Cars up to 1600cc and 97kW),1846,50889,2437,1766,1,1.3201516793066088
2017-02-08,Cat A (Cars up to 1600cc and 97kW),2060,48401,2691,2051,2,1.3063106796116506
2017-02-08,Cat B (Cars above 1600cc or 97kW),1366,48209,1783,1352,2,1.3052708638360175
2017-02-24,Cat A (Cars up to 1600cc and 97kW),2133,49430,2926,2089,2,1.3717768401312704
2017-02-24,Cat B (Cars above 1600cc or 97kW),1377,50621,2126,1377,2,1.543936092955701
2017-03-15,Cat A (Cars up to 1600cc and 97kW),2061,50789,3190,2045,3,1.5477923338185346
2017-03-15,Cat B (Cars above 1600cc or 97kW),1371,53300,2298,1368,3,1.676148796498906
2017-03-29,Cat A (Cars up to 1600cc and 97kW),2096,51765,2961,2096,3,1.4126908396946565
2017-03-29,Cat B (Cars above 1600cc or 97kW),1357,54000,2081,1345,3,1.5335298452468682
2017-04-12,Cat A (Cars up to 1600cc and 97kW),2068,52000,2486,2061,4,1.202127659574468
2017-04-12,Cat B (Cars above 1600cc or 97kW),1360,54405,1970,1360,4,1.4485294117647058
2017-04-26,Cat A (Cars up to 1600cc and 97kW),2052,51600,2442,2030,4,1.1900584795321638
2017-04-26,Cat B (Cars above 1600cc or 97kW),1369,54406,2000,1365,4,1.4609203798392987
2017-05-11,Cat B (Cars above 1600cc or 97kW),1320,55414,1996,1316,5,1.5121212121212122
2017-05-11,Cat A (Cars up to 1600cc and 97kW),1905,51106,2240,1905,5,1.1758530183727034
2017-05-24,Cat A (Cars up to 1600cc and 97kW),1920,46489,2601,1913,5,1.3546875
2017-05-24,Cat B (Cars above 1600cc or 97kW),1325,53001,1725,1325,5,1.3018867924528301
2017-06-07,Cat B (Cars above 1600cc or 97kW),1325,50110,1582,1324,6,1.1939622641509433
2017-06-07,Cat A (Cars up to 1600cc and 97kW),1898,45201,2245,1893,6,1.1828240252897788
2017-06-21,Cat A (Cars up to 1600cc and 97kW),1906,42801,2302,1898,6,1.2077649527806926
2017-06-21,Cat B (Cars above 1600cc or 97kW),1321,47501,1651,1320,6,1.2498107494322483
2017-07-05,Cat B (Cars above 1600cc or 97kW),1322,49802,1910,1321,7,1.4447806354009076
2017-07-05,Cat A (Cars up to 1600cc and 97kW),1904,42801,2296,1902,7,1.2058823529411764
2017-07-19,Cat B (Cars above 1600cc or 97kW),1322,50001,1784,1314,7,1.3494704992435704
2017-07-19,Cat A (Cars up to 1600cc and 97kW),1907,44002,2389,1905,7,1.2527530152071316
2017-08-10,Cat B (Cars above 1600cc or 97kW),1286,53711,1978,1281,8,1.5381026438569207
2017-08-10,Cat A (Cars up to 1600cc and 97kW),1817,46778,2403,1812,8,1.3225096312603193
2017-08-23,Cat A (Cars up to 1600cc and 97kW),1817,42900,2148,1817,8,1.182168409466153
2017-08-23,Cat B (Cars above 1600cc or 97kW),1293,51000,1683,1290,8,1.3016241299303943
2017-09-06,Cat A (Cars up to 1600cc and 97kW),1820,36001,2195,1806,9,1.206043956043956
2017-09-06,Cat B (Cars above 1600cc or 97kW),1290,49000,1704,1290,9,1.3209302325581396
2017-09-20,Cat A (Cars up to 1600cc and 97kW),1815,42902,3469,1815,9,1.9112947658402204
2017-09-20,Cat B (Cars above 1600cc or 97kW),1288,49189,1859,1288,9,1.4433229813664596
2017-10-04,Cat B (Cars above 1600cc or 97kW),1285,48109,1646,1284,10,1.2809338521400777
2017-10-04,Cat A (Cars up to 1600cc and 97kW),1829,41761,2808,1827,10,1.5352651722252597
2017-10-19,Cat A (Cars up to 1600cc and 97kW),1815,41617,2391,1809,10,1.3173553719008264
2017-10-19,Cat B (Cars above 1600cc or 97kW),1285,49996,1718,1277,10,1.336964980544747
2017-11-08,Cat A (Cars up to 1600cc and 97kW),1683,47112,3430,1683,11,2.038027332144979
2017-11-08,Cat B (Cars above 1600cc or 97kW),1376,57414,2515,1375,11,1.8277616279069768
2017-11-22,Cat B (Cars above 1600cc or 97kW),1383,57390,2173,1383,11,1.5712219812002892
2017-11-22,Cat A (Cars up to 1600cc and 97kW),1686,46791,2721,1679,11,1.613879003558719
2017-12-06,Cat A (Cars up to 1600cc and 97kW),1680,42339,2158,1667,12,1.2845238095238096
2017-12-06,Cat B (Cars above 1600cc or 97kW),1375,53711,1805,1375,12,1.3127272727272727
2017-12-20,Cat B (Cars above 1600cc or 97kW),1374,47002,1634,1367,12,1.1892285298398835
2017-12-20,Cat A (Cars up to 1600cc and 97kW),1687,38200,1970,1654,12,1.167753408417309
2018-01-04,Cat A (Cars up to 1600cc and 97kW),1693,41400,2264,1693,1,1.3372711163614885
2018-01-04,Cat B (Cars above 1600cc or 97kW),1374,45289,1811,1368,1,1.3180494905385736
2018-01-17,Cat B (Cars above 1600cc or 97kW),1381,42661,1654,1380,1,1.1976828385228095
2018-01-17,Cat A (Cars up to 1600cc and 97kW),1713,36890,1938,1708,1,1.1313485113835378
2018-02-07,Cat A (Cars up to 1600cc and 97kW),1557,40000,2389,1534,2,1.5343609505459217
2018-02-07,Cat B (Cars above 1600cc or 97kW),1396,42322,1831,1396,2,1.3116045845272206
2018-02-21,Cat B (Cars above 1600cc or 97kW),1391,39000,1744,1379,2,1.2537742631200575
2018-02-21,Cat A (Cars up to 1600cc and 97kW),1562,36810,2073,1561,2,1.327144686299616
2018-03-07,Cat B (Cars above 1600cc or 97kW),1390,39001,1731,1390,3,1.2453237410071942
2018-03-07,Cat A (Cars up to 1600cc and 97kW),1580,38830,2405,1572,3,1.5221518987341771
2018-03-21,Cat A (Cars up to 1600cc and 97kW),1559,38000,2117,1551,3,1.3579217447081462
2018-03-21,Cat B (Cars above 1600cc or 97kW),1402,37010,1639,1374,3,1.1690442225392297
2018-04-04,Cat A (Cars up to 1600cc and 97kW),1566,37000,1888,1564,4,1.2056194125159643
2018-04-04,Cat B (Cars above 1600cc or 97kW),1389,37605,1689,1388,4,1.2159827213822894
2018-04-18,Cat B (Cars above 1600cc or 97kW),1417,37330,1919,1414,4,1.3542695836273817
2018-04-18,Cat A (Cars up to 1600cc and 97kW),1566,38510,2027,1566,4,1.2943805874840357
2018-05-09,Cat A (Cars up to 1600cc and 97kW),1435,38941,1836,1428,5,1.2794425087108015
2018-05-09,Cat B (Cars above 1600cc or 97kW),1280,38501,2155,1267,5,1.68359375
2018-05-23,Cat A (Cars up to 1600cc and 97kW),1434,38001,1805,1422,5,1.2587168758716876
2018-05-23,Cat B (Cars above 1600cc or 97kW),1283,37989,1915,1247,5,1.4925954793452845
2018-06-06,Cat A (Cars up to 1600cc and 97kW),1441,36426,1696,1440,6,1.1769604441360166
2018-06-06,Cat B (Cars above 1600cc or 97kW),1293,36000,1727,1285,6,1.3356535189481826
2018-06-20,Cat A (Cars up to 1600cc and 97kW),1446,34110,1818,1437,6,1.2572614107883817
2018-06-20,Cat B (Cars above 1600cc or 97kW),1316,33900,1729,1311,6,1.3138297872340425
2018-07-04,Cat A (Cars up to 1600cc and 97kW),1435,25000,1626,1427,7,1.1331010452961672
2018-07-04,Cat B (Cars above 1600cc or 97kW),1288,31000,1637,1288,7,1.2709627329192548
2018-07-18,Cat A (Cars up to 1600cc and 97kW),1443,32699,3100,1412,7,2.1483021483021485
2018-07-18,Cat B (Cars above 1600cc or 97kW),1285,32551,1919,1278,7,1.4933852140077821
2018-08-08,Cat A (Cars up to 1600cc and 97kW),1672,33798,3633,1672,8,2.172846889952153
2018-08-08,Cat B (Cars above 1600cc or 97kW),1265,34381,2132,1256,8,1.6853754940711463
2018-08-23,Cat A (Cars up to 1600cc and 97kW),1695,31997,2948,1695,8,1.7392330383480825
2018-08-23,Cat B (Cars above 1600cc or 97kW),1272,32429,2031,1259,8,1.596698113207547
2018-09-05,Cat B (Cars above 1600cc or 97kW),1274,32001,1959,1268,9,1.5376766091051806
2018-09-05,Cat A (Cars up to 1600cc and 97kW),1664,30209,2488,1661,9,1.4951923076923077
2018-09-19,Cat B (Cars above 1600cc or 97kW),1278,31307,1859,1269,9,1.4546165884194053
2018-09-19,Cat A (Cars up to 1600cc and 97kW),1664,28000,2059,1655,9,1.2373798076923077
2018-10-03,Cat A (Cars up to 1600cc and 97kW),1668,28457,2059,1665,10,1.234412470023981
2018-10-03,Cat B (Cars above 1600cc or 97kW),1271,31301,1886,1241,10,1.4838709677419355
2018-10-17,Cat A (Cars up to 1600cc and 97kW),1674,25556,1811,1672,10,1.0818399044205496
2018-10-17,Cat B (Cars above 1600cc or 97kW),1273,31302,1856,1267,10,1.4579732914375492
2018-11-08,Cat B (Cars above 1600cc or 97kW),1265,32302,2142,1262,11,1.6932806324110672
2018-11-08,Cat A (Cars up to 1600cc and 97kW),1819,28199,2849,1757,11,1.566245189664651
2018-11-21,Cat A (Cars up to 1600cc and 97kW),1818,25000,2231,1744,11,1.2271727172717273
2018-11-21,Cat B (Cars above 1600cc or 97kW),1241,31101,1786,1234,11,1.4391619661563255
2018-12-05,Cat A (Cars up to 1600cc and 97kW),1878,23568,2177,1878,12,1.1592119275825346
2018-12-05,Cat B (Cars above 1600cc or 97kW),1239,31001,1780,1230,12,1.436642453591606
2018-12-19,Cat A (Cars up to 1600cc and 97kW),1890,25501,2729,1887,12,1.4439153439153438
2018-12-19,Cat B (Cars above 1600cc or 97kW),1243,31001,1804,1235,12,1.4513274336283186
2019-01-09,Cat A (Cars up to 1600cc and 97kW),1815,25920,2707,1804,1,1.4914600550964188
2019-01-09,Cat B (Cars above 1600cc or 97kW),1245,32200,1818,1242,1,1.4602409638554217
2019-01-23,Cat B (Cars above 1600cc or 97kW),1244,33989,2119,1230,1,1.7033762057877813
2019-01-23,Cat A (Cars up to 1600cc and 97kW),1818,26170,2864,1818,1,1.5753575357535754
2019-02-08,Cat B (Cars above 1600cc or 97kW),1202,34509,1937,1169,2,1.6114808652246255
2019-02-08,Cat A (Cars up to 1600cc and 97kW),1662,25689,2371,1653,2,1.4265944645006017
2019-02-20,Cat B (Cars above 1600cc or 97kW),1214,35403,1993,1213,2,1.64168039538715
2019-02-20,Cat A (Cars up to 1600cc and 97kW),1650,26301,2261,1650,2,1.3703030303030304
2019-03-06,Cat B (Cars above 1600cc or 97kW),1233,36961,1903,1230,3,1.543390105433901
2019-03-06,Cat A (Cars up to 1600cc and 97kW),1659,26309,2213,1653,3,1.3339361060880048
2019-03-20,Cat B (Cars above 1600cc or 97kW),1201,39401,1878,1195,3,1.5636969192339716
2019-03-20,Cat A (Cars up to 1600cc and 97kW),1650,26659,2204,1647,3,1.3357575757575757
2019-04-03,Cat B (Cars above 1600cc or 97kW),1202,43102,1782,1202,4,1.4825291181364393
2019-04-03,Cat A (Cars up to 1600cc and 97kW),1656,29159,2338,1650,4,1.4118357487922706
2019-04-17,Cat B (Cars above 1600cc or 97kW),1205,48000,1634,1181,4,1.3560165975103735
2019-04-17,Cat A (Cars up to 1600cc and 97kW),1653,33199,2249,1603,4,1.3605565638233514
2019-05-08,Cat B (Cars above 1600cc or 97kW),1139,48010,1360,1139,5,1.1940298507462686
2019-05-08,Cat A (Cars up to 1600cc and 97kW),1431,36704,1988,1431,5,1.3892382948986723
2019-05-23,Cat A (Cars up to 1600cc and 97kW),1475,27000,1799,1475,5,1.2196610169491526
2019-05-23,Cat B (Cars above 1600cc or 97kW),1163,42564,1407,1161,5,1.2098022355975924
2019-06-06,Cat B (Cars above 1600cc or 97kW),1139,39728,1346,1137,6,1.1817383669885866
2019-06-06,Cat A (Cars up to 1600cc and 97kW),1424,30009,1902,1417,6,1.3356741573033708
2019-06-19,Cat A (Cars up to 1600cc and 97kW),1424,26999,1742,1225,6,1.223314606741573
2019-06-19,Cat B (Cars above 1600cc or 97kW),1141,35906,1418,1137,6,1.242769500438212
2019-07-03,Cat A (Cars up to 1600cc and 97kW),1431,28589,1795,1428,7,1.254367575122292
2019-07-03,Cat B (Cars above 1600cc or 97kW),1141,34000,1390,1135,7,1.2182296231375986
2019-07-17,Cat A (Cars up to 1600cc and 97kW),1623,26667,1902,1617,7,1.1719038817005545
2019-07-17,Cat B (Cars above 1600cc or 97kW),1143,39406,1677,1140,7,1.4671916010498687
2019-08-07,Cat A (Cars up to 1600cc and 97kW),1059,32725,2023,1059,8,1.9102927289896128
2019-08-07,Cat B (Cars above 1600cc or 97kW),1047,40001,1487,1043,8,1.420248328557784
2019-08-21,Cat A (Cars up to 1600cc and 97kW),1062,31917,1725,1062,8,1.6242937853107344
2019-08-21,Cat B (Cars above 1600cc or 97kW),1045,38602,1415,1043,8,1.354066985645933
2019-09-04,Cat A (Cars up to 1600cc and 97kW),1056,31783,1656,1056,9,1.5681818181818181
2019-09-04,Cat B (Cars above 1600cc or 97kW),1046,36001,1289,1040,9,1.2323135755258126
2019-09-18,Cat B (Cars above 1600cc or 97kW),1044,37000,1418,1042,9,1.3582375478927202
2019-09-18,Cat A (Cars up to 1600cc and 97kW),1056,31759,1453,1053,9,1.3759469696969697
2019-10-09,Cat B (Cars above 1600cc or 97kW),1048,41361,1559,1042,10,1.4875954198473282
2019-10-09,Cat A (Cars up to 1600cc and 97kW),1057,34001,1659,1033,10,1.5695364238410596
2019-10-23,Cat A (Cars up to 1600cc and 97kW),1060,32309,1467,1056,10,1.3839622641509435
2019-10-23,Cat B (Cars above 1600cc or 97kW),1044,41805,1503,1037,10,1.4396551724137931
2019-11-06,Cat B (Cars above 1600cc or 97kW),1017,40009,1296,1016,11,1.2743362831858407
2019-11-06,Cat A (Cars up to 1600cc and 97kW),1043,30000,1302,1031,11,1.2483221476510067
2019-11-20,Cat A (Cars up to 1600cc and 97kW),1023,32000,1468,1012,11,1.4349951124144673
2019-11-20,Cat B (Cars above 1600cc or 97kW),1019,39700,1331,1016,11,1.3061825318940137
2019-12-04,Cat B (Cars above 1600cc or 97kW),1013,37900,1265,1003,12,1.248766041461007
2019-12-04,Cat A (Cars up to 1600cc and 97kW),1030,33009,1386,1013,12,1.345631067961165
2019-12-18,Cat A (Cars up to 1600cc and 97kW),1029,32889,1256,1013,12,1.2206025267249756
2019-12-18,Cat B (Cars above 1600cc or 97kW),1015,36000,1251,1015,12,1.2325123152709359
2020-01-08,Cat B (Cars above 1600cc or 97kW),1022,37109,1229,1021,1,1.2025440313111546
2020-01-08,Cat A (Cars up to 1600cc and 97kW),1035,35320,1450,1026,1,1.4009661835748792
2020-01-22,Cat B (Cars above 1600cc or 97kW),1012,37705,1157,1008,1,1.1432806324110671
2020-01-22,Cat A (Cars up to 1600cc and 97kW),1034,35010,1390,1025,1,1.3442940038684719
2020-02-05,Cat A (Cars up to 1600cc and 97kW),982,30010,1204,977,2,1.2260692464358451
2020-02-05,Cat B (Cars above 1600cc or 97kW),984,30890,1173,980,2,1.1920731707317074
2020-02-19,Cat B (Cars above 1600cc or 97kW),987,32889,1459,978,2,1.4782168186423505
2020-02-19,Cat A (Cars up to 1600cc and 97kW),982,32999,1564,973,2,1.5926680244399185
2020-03-04,Cat A (Cars up to 1600cc and 97kW),978,32699,1436,973,3,1.4683026584867076
2020-03-04,Cat B (Cars above 1600cc or 97kW),987,32801,1347,987,3,1.364741641337386
2020-03-18,Cat B (Cars above 1600cc or 97kW),992,30012,1366,943,3,1.377016129032258
2020-03-18,Cat A (Cars up to 1600cc and 97kW),982,31210,1421,962,3,1.4470468431771895
2020-07-08,Cat A (Cars up to 1600cc and 97kW),1289,33520,3061,1286,7,2.374709076803724
2020-07-08,Cat B (Cars above 1600cc or 97kW),1291,35889,3160,1260,7,2.447714949651433
2020-07-22,Cat A (Cars up to 1600cc and 97kW),1304,32699,2485,1290,7,1.905674846625767
2020-07-22,Cat B (Cars above 1600cc or 97kW),1339,35001,2497,1316,7,1.8648244958924571
2020-08-05,Cat A (Cars up to 1600cc and 97kW),1022,33000,2047,1007,8,2.00293542074364
2020-08-05,Cat B (Cars above 1600cc or 97kW),932,37102,1985,928,8,2.1298283261802573
2020-08-19,Cat B (Cars above 1600cc or 97kW),923,38802,1727,912,8,1.8710725893824485
2020-08-19,Cat A (Cars up to 1600cc and 97kW),1034,35710,2099,1019,8,2.029980657640232
2020-09-09,Cat B (Cars above 1600cc or 97kW),904,41510,1715,892,9,1.8971238938053097
2020-09-09,Cat A (Cars up to 1600cc and 97kW),1035,37766,1737,1035,9,1.6782608695652175
2020-09-23,Cat B (Cars above 1600cc or 97kW),912,40989,1497,912,9,1.6414473684210527
2020-09-23,Cat A (Cars up to 1600cc and 97kW),1034,38504,1540,1031,9,1.4893617021276595
2020-10-07,Cat B (Cars above 1600cc or 97kW),805,40690,1218,800,10,1.5130434782608695
2020-10-07,Cat A (Cars up to 1600cc and 97kW),912,36534,1272,907,10,1.394736842105263
2020-10-21,Cat A (Cars up to 1600cc and 97kW),916,37334,1323,907,10,1.4443231441048034
2020-10-21,Cat B (Cars above 1600cc or 97kW),793,40990,1272,793,10,1.6040353089533417
2020-11-04,Cat B (Cars above 1600cc or 97kW),1013,39000,1415,985,11,1.3968410661401778
2020-11-04,Cat A (Cars up to 1600cc and 97kW),967,35990,1262,952,11,1.3050672182006204
2020-11-18,Cat B (Cars above 1600cc or 97kW),1007,41101,1559,1006,11,1.548162859980139
2020-11-18,Cat A (Cars up to 1600cc and 97kW),972,37690,1361,966,11,1.4002057613168724
2020-12-09,Cat A (Cars up to 1600cc and 97kW),978,40714,1620,978,12,1.656441717791411
2020-12-09,Cat B (Cars above 1600cc or 97kW),1035,45012,1712,1019,12,1.6541062801932367
2020-12-23,Cat A (Cars up to 1600cc and 97kW),969,40556,1403,966,12,1.4478844169246645
2020-12-23,Cat B (Cars above 1600cc or 97kW),1009,49300,1631,998,12,1.6164519326065412
2021-01-06,Cat A (Cars up to 1600cc and 97kW),963,40609,1280,962,1,1.3291796469366564
2021-01-06,Cat B (Cars above 1600cc or 97kW),1023,49001,1396,1021,1,1.364613880742913
2021-01-20,Cat A (Cars up to 1600cc and 97kW),963,40609,1280,962,1,1.3291796469366564
2021-01-20,Cat B (Cars above 1600cc or 97kW),1023,49001,1396,1021,1,1.364613880742913
2021-02-03,Cat B (Cars above 1600cc or 97kW),943,46790,1107,943,2,1.173913043478261
2021-02-03,Cat A (Cars up to 1600cc and 97kW),885,42000,1098,881,2,1.240677966101695
2021-02-17,Cat B (Cars above 1600cc or 97kW),942,46002,1168,938,2,1.2399150743099787
2021-02-17,Cat A (Cars up to 1600cc and 97kW),903,41001,1226,900,2,1.3576965669988925
2021-03-03,Cat A (Cars up to 1600cc and 97kW),887,41996,1175,887,3,1.3246899661781286
2021-03-03,Cat B (Cars above 1600cc or 97kW),942,45001,1121,926,3,1.1900212314225054
2021-03-17,Cat A (Cars up to 1600cc and 97kW),886,44589,1186,879,3,1.3386004514672687
2021-03-17,Cat B (Cars above 1600cc or 97kW),946,47001,1222,932,3,1.291754756871036
2021-04-07,Cat A (Cars up to 1600cc and 97kW),883,45600,1212,880,4,1.3725934314835788
2021-04-07,Cat B (Cars above 1600cc or 97kW),958,52309,1524,949,4,1.5908141962421711
2021-04-21,Cat A (Cars up to 1600cc and 97kW),890,49640,1290,883,4,1.449438202247191
2021-04-21,Cat B (Cars above 1600cc or 97kW),956,61190,1585,949,4,1.6579497907949792
2021-05-05,Cat A (Cars up to 1600cc and 97kW),832,48002,1100,803,5,1.3221153846153846
2021-05-05,Cat B (Cars above 1600cc or 97kW),819,60001,1244,813,5,1.5189255189255189
2021-05-19,Cat A (Cars up to 1600cc and 97kW),835,41801,1209,834,5,1.4479041916167665
2021-05-19,Cat B (Cars above 1600cc or 97kW),817,58089,1089,817,5,1.3329253365973073
2021-06-09,Cat A (Cars up to 1600cc and 97kW),858,48510,1439,820,6,1.6771561771561772
2021-06-09,Cat B (Cars above 1600cc or 97kW),815,60109,1107,784,6,1.358282208588957
2021-06-23,Cat A (Cars up to 1600cc and 97kW),830,47821,1178,823,6,1.419277108433735
2021-06-23,Cat B (Cars above 1600cc or 97kW),809,56032,983,799,6,1.215080346106304
2021-07-07,Cat B (Cars above 1600cc or 97kW),840,56100,1087,840,7,1.2940476190476191
2021-07-07,Cat A (Cars up to 1600cc and 97kW),867,45001,1149,864,7,1.3252595155709344
2021-07-22,Cat B (Cars above 1600cc or 97kW),819,59501,1107,796,7,1.3516483516483517
2021-07-22,Cat A (Cars up to 1600cc and 97kW),836,47010,1240,832,7,1.4832535885167464
2021-08-04,Cat B (Cars above 1600cc or 97kW),771,56001,980,751,8,1.2710765239948119
2021-08-04,Cat A (Cars up to 1600cc and 97kW),805,45189,1021,804,8,1.2683229813664596
2021-08-18,Cat B (Cars above 1600cc or 97kW),794,61001,1065,793,8,1.3413098236775818
2021-08-18,Cat A (Cars up to 1600cc and 97kW),806,46689,1127,806,8,1.3982630272952854
2021-09-08,Cat B (Cars above 1600cc or 97kW),791,62600,1080,788,9,1.3653603034134008
2021-09-08,Cat A (Cars up to 1600cc and 97kW),804,47000,1124,790,9,1.3980099502487562
2021-09-22,Cat B (Cars above 1600cc or 97kW),772,68310,1189,768,9,1.5401554404145077
2021-09-22,Cat A (Cars up to 1600cc and 97kW),803,48000,1040,795,9,1.2951432129514322
2021-10-06,Cat A (Cars up to 1600cc and 97kW),816,47001,1077,812,10,1.3198529411764706
2021-10-06,Cat B (Cars above 1600cc or 97kW),774,70200,1130,774,10,1.4599483204134367
2021-10-20,Cat B (Cars above 1600cc or 97kW),774,80210,1240,767,10,1.6020671834625324
2021-10-20,Cat A (Cars up to 1600cc and 97kW),811,52709,1304,806,10,1.6078914919852034
2021-11-03,Cat B (Cars above 1600cc or 97kW),587,82801,839,581,11,1.4293015332197614
2021-11-03,Cat A (Cars up to 1600cc and 97kW),536,53709,834,531,11,1.5559701492537314
